_time,Description,CycleState,I_R01_Gripper_Load,I_R01_Gripper_Pot,I_R02_Gripper_Load,I_R02_Gripper_Pot,I_R03_Gripper_Load,I_R03_Gripper_Pot
2023-12-11T19:59:56.545Z,"NoNose,NoBody2",1,281,11239,1321,11701,1395,2400
2023-12-11T19:59:56.637Z,"NoNose,NoBody2",1,461,11197,1317,11687,1364,2402
2023-12-11T19:59:56.755Z,"NoNose,NoBody2",1,437,11188,1310,11699,1359,2403
2023-12-11T19:59:57.014Z,"NoNose,NoBody2",1,405,11219,1300,11677,1375,2401
2023-12-11T19:59:57.015Z,"NoNose,NoBody2",1,429,11167,1305,11719,1376,2394
2023-12-11T19:59:57.212Z,"NoNose,NoBody2",1,481,11251,1334,11695,1379,2401
2023-12-11T19:59:57.213Z,"NoNose,NoBody2",1,480,11229,1311,11715,1375,2406
2023-12-11T19:59:57.240Z,"NoNose,NoBody2",1,443,11205,1332,11691,1363,2404
2023-12-11T19:59:57.343Z,"NoNose,NoBody2",1,458,11233,1313,11676,1358,2400
2023-12-11T19:59:57.454Z,"NoNose,NoBody2",1,438,11297,1297,11701,1355,2407
2023-12-11T19:59:57.549Z,"NoNose,NoBody2",1,423,11163,1306,11678,1374,2410
2023-12-11T19:59:57.660Z,"NoNose,NoBody2",1,456,11244,1313,11650,1358,2392
2023-12-11T19:59:57.753Z,"NoNose,NoBody2",1,460,11221,1280,11715,1386,2412
2023-12-11T19:59:57.858Z,"NoNose,NoBody2",1,436,11291,1331,11718,1378,2414
2023-12-11T19:59:57.957Z,"NoNose,NoBody2",1,465,11213,1310,11680,1380,2400
2023-12-11T19:59:58.198Z,"NoNose,NoBody2",1,445,11257,1308,11692,1380,2402
2023-12-11T19:59:58.199Z,"NoNose,NoBody2",1,484,11260,1304,11726,1357,2411
2023-12-11T19:59:58.251Z,"NoNose,NoBody2",1,397,11228,1285,11695,1370,2405
2023-12-11T19:59:58.343Z,"NoNose,NoBody2",1,444,11254,1327,11645,1379,2397
2023-12-11T19:59:58.444Z,"NoNose,NoBody2",1,416,11264,1317,11671,1367,2395
2023-12-11T19:59:58.547Z,"NoNose,NoBody2",1,454,11215,1303,11731,1373,2404
2023-12-11T19:59:58.636Z,"NoNose,NoBody2",1,471,11280,1303,11717,1387,2408
2023-12-11T19:59:58.742Z,"NoNose,NoBody2",1,439,11262,1301,11674,1339,2396
2023-12-11T19:59:58.873Z,"NoNose,NoBody2",1,443,11243,1314,11692,1384,2404
2023-12-11T19:59:58.962Z,"NoNose,NoBody2",1,370,11460,1294,11706,1373,2411
2023-12-11T19:59:59.223Z,"NoNose,NoBody2",1,482,11283,1327,11676,1361,2405
2023-12-11T19:59:59.225Z,"NoNose,NoBody2",1,451,11176,1318,11725,1384,2412
2023-12-11T19:59:59.238Z,"NoNose,NoBody2",1,435,11183,1305,11703,1380,2403
2023-12-11T19:59:59.349Z,"NoNose,NoBody2",1,456,11194,1313,11673,1363,2395
2023-12-11T19:59:59.460Z,"NoNose,NoBody2",1,447,11245,1286,11717,1365,2409
2023-12-11T19:59:59.551Z,"NoNose,NoBody2",1,462,11195,1297,11643,1363,2396
2023-12-11T19:59:59.645Z,"NoNose,NoBody2",1,440,11254,1314,11707,1375,2405
2023-12-11T19:59:59.753Z,"NoNose,NoBody2",1,462,11242,1314,11635,1365,2393
2023-12-11T19:59:59.845Z,"NoNose,NoBody2",1,602,11182,1326,11626,1372,2394
2023-12-11T19:59:59.958Z,"NoNose,NoBody2",1,435,11110,1306,11724,1374,2404
2023-12-11T20:00:00.151Z,"NoNose,NoBody2",1,458,11203,1299,11656,1356,2403
2023-12-11T20:00:00.153Z,"NoNose,NoBody2",1,470,11174,1317,11719,1366,2398
2023-12-11T20:00:00.246Z,"NoNose,NoBody2",1,423,11184,1303,11715,1354,2399
2023-12-11T20:00:00.339Z,"NoNose,NoBody2",1,429,11204,1296,11641,1382,2392
2023-12-11T20:00:00.442Z,"NoNose,NoBody2",1,472,11397,1309,11866,1363,2407
2023-12-11T20:00:00.545Z,"NoNose,NoBody2",1,424,11203,1298,11678,1364,2394
2023-12-11T20:00:00.645Z,"NoNose,NoBody2",1,529,11288,1314,11675,1354,2396
2023-12-11T20:00:00.739Z,"NoNose,NoBody2",1,468,11241,1309,11672,1380,2405
2023-12-11T20:00:00.836Z,"NoNose,NoBody2",1,447,11250,1310,11657,1353,2398
2023-12-11T20:00:00.947Z,"NoNose,NoBody2",1,454,11185,1309,11694,1387,2405
2023-12-11T20:00:01.177Z,"NoNose,NoBody2",1,460,11220,1313,11697,1362,2412
2023-12-11T20:00:01.178Z,"NoNose,NoBody2",1,487,11251,1320,11707,1361,2400
2023-12-11T20:00:01.251Z,"NoNose,NoBody2",1,441,11255,1298,11675,1376,2409
2023-12-11T20:00:01.347Z,"NoNose,NoBody2",1,447,11241,1302,11686,1375,2394
2023-12-11T20:00:01.442Z,"NoNose,NoBody2",1,481,11234,1337,11647,1375,2399
2023-12-11T20:00:01.536Z,"NoNose,NoBody2",1,439,10814,1298,11665,1371,2396
2023-12-11T20:00:01.661Z,"NoNose,NoBody2",1,467,5261,1329,11671,1368,2393
2023-12-11T20:00:01.743Z,"NoNose,NoBody2",1,430,5236,1311,11628,1381,2385
2023-12-11T20:00:01.849Z,"NoNose,NoBody2",1,474,5261,1307,11643,1360,2391
2023-12-11T20:00:01.952Z,"NoNose,NoBody2",1,278,5199,1289,11705,1373,2403
2023-12-11T20:00:02.158Z,"NoNose,NoBody2",1,442,5246,1294,11614,1395,2393
2023-12-11T20:00:02.160Z,"NoNose,NoBody2",1,452,5288,1318,11706,1379,2411
2023-12-11T20:00:02.251Z,"NoNose,NoBody2",1,246,4913,1332,11716,1362,2409
2023-12-11T20:00:02.354Z,"NoNose,NoBody2",1,457,5240,1302,11660,1376,2412
2023-12-11T20:00:02.442Z,"NoNose,NoBody2",1,474,5281,1337,11705,1396,2408
2023-12-11T20:00:02.553Z,"NoNose,NoBody2",1,469,5265,1314,11670,1389,2398
2023-12-11T20:00:02.651Z,"NoNose,NoBody2",1,445,5237,1294,11701,1356,2404
2023-12-11T20:00:02.746Z,"NoNose,NoBody2",1,501,5270,1342,11665,1370,2404
2023-12-11T20:00:02.840Z,"NoNose,NoBody2",1,471,5266,1317,11718,1362,2408
2023-12-11T20:00:02.938Z,"NoNose,NoBody2",1,458,5233,1318,11637,1367,2399
2023-12-11T20:00:03.156Z,"NoNose,NoBody2",1,456,5287,1327,11638,1352,2396
2023-12-11T20:00:03.158Z,"NoNose,NoBody2",1,450,5393,1303,11749,1367,2403
2023-12-11T20:00:03.316Z,"NoNose,NoBody2",1,459,5269,1317,11653,1378,2400
2023-12-11T20:00:03.362Z,"NoNose,NoBody2",1,454,5274,1314,11717,1360,2407
2023-12-11T20:00:03.437Z,"NoNose,NoBody2",1,179,5131,1332,11671,1362,2403
2023-12-11T20:00:03.536Z,"NoNose,NoBody2",1,409,5221,1288,11666,1366,2401
2023-12-11T20:00:03.650Z,"NoNose,NoBody2",1,474,5253,1316,11697,1368,2405
2023-12-11T20:00:03.744Z,"NoNose,NoBody2",1,445,5262,1302,11612,1379,2397
2023-12-11T20:00:03.845Z,"NoNose,NoBody2",1,495,5196,1329,11653,1374,2400
2023-12-11T20:00:03.959Z,"NoNose,NoBody2",1,464,5263,1323,11725,1375,2404
2023-12-11T20:00:04.241Z,"NoNose,NoBody2",1,363,5359,1327,11658,1364,2398
2023-12-11T20:00:04.243Z,"NoNose,NoBody2",1,467,5268,1331,11649,1372,2398
2023-12-11T20:00:04.247Z,"NoNose,NoBody2",1,473,5264,1319,11650,1378,2392
2023-12-11T20:00:04.346Z,"NoNose,NoBody2",1,411,5691,1315,11644,1379,2394
2023-12-11T20:00:04.456Z,"NoNose,NoBody2",1,451,5308,1305,11657,1384,2395
2023-12-11T20:00:04.557Z,"NoNose,NoBody2",1,484,5281,1300,11681,1380,2402
2023-12-11T20:00:04.646Z,"NoNose,NoBody2",1,450,5201,1283,11647,1365,2398
2023-12-11T20:00:04.752Z,"NoNose,NoBody2",1,447,5263,1301,11641,1360,2393
2023-12-11T20:00:04.850Z,"NoNose,NoBody2",2,520,5335,1337,11718,1364,2402
2023-12-11T20:00:04.945Z,"NoNose,NoBody2",2,446,5240,1283,11728,1373,2405
2023-12-11T20:00:05.189Z,"NoNose,NoBody2",2,455,5227,1307,11665,1367,2405
2023-12-11T20:00:05.190Z,"NoNose,NoBody2",2,478,5276,1319,11651,1357,2388
2023-12-11T20:00:05.244Z,"NoNose,NoBody2",2,326,5313,1317,11737,1379,2397
2023-12-11T20:00:05.339Z,"NoNose,NoBody2",2,466,5264,1318,11696,1378,2406
2023-12-11T20:00:05.452Z,"NoNose,NoBody2",2,462,5245,1322,11693,1380,2403
2023-12-11T20:00:05.542Z,"NoNose,NoBody2",2,466,5264,1317,11696,1359,2398
2023-12-11T20:00:05.638Z,"NoNose,NoBody2",2,456,5277,1314,11648,1380,2417
2023-12-11T20:00:05.736Z,"NoNose,NoBody2",2,407,4927,1333,11632,1367,2406
2023-12-11T20:00:05.834Z,"NoNose,NoBody2",2,435,5250,1314,11656,1365,2398
2023-12-11T20:00:05.936Z,"NoNose,NoBody2",2,479,5295,1331,11649,1360,2400
2023-12-11T20:00:06.170Z,"NoNose,NoBody2",2,468,5265,1309,11714,1376,2401
2023-12-11T20:00:06.172Z,"NoNose,NoBody2",2,420,5070,1326,11630,1387,2390
2023-12-11T20:00:06.244Z,"NoNose,NoBody2",2,445,5247,1296,11698,1374,2405
2023-12-11T20:00:06.345Z,"NoNose,NoBody2",2,436,5243,1322,11681,1381,2400
2023-12-11T20:00:06.442Z,"NoNose,NoBody2",2,353,5112,1301,11643,1387,2395
2023-12-11T20:00:06.555Z,"NoNose,NoBody2",2,524,5222,1317,11616,1376,2394
2023-12-11T20:00:06.646Z,"NoNose,NoBody2",2,472,5289,1319,11665,1374,2402
2023-12-11T20:00:06.747Z,"NoNose,NoBody2",2,458,5233,1316,11653,1385,2399
2023-12-11T20:00:07.026Z,"NoNose,NoBody2",2,400,5104,1310,11687,1363,2409
2023-12-11T20:00:07.027Z,"NoNose,NoBody2",2,466,5236,1317,11686,1381,2405
2023-12-11T20:00:07.243Z,"NoNose,NoBody2",2,435,5517,1326,11677,1355,2400
2023-12-11T20:00:07.245Z,"NoNose,NoBody2",2,422,5218,1289,11656,1361,2400
2023-12-11T20:00:07.249Z,"NoNose,NoBody2",2,345,4850,1296,11634,1372,2395
2023-12-11T20:00:07.337Z,"NoNose,NoBody2",2,458,5221,1314,11672,1370,2403
2023-12-11T20:00:07.437Z,"NoNose,NoBody2",2,402,5611,1331,11616,1374,2400
2023-12-11T20:00:07.538Z,"NoNose,NoBody2",2,463,5216,1330,11630,1382,2400
2023-12-11T20:00:07.644Z,"NoNose,NoBody2",2,443,5228,1313,11723,1374,2414
2023-12-11T20:00:07.743Z,"NoNose,NoBody2",2,445,5226,1307,11639,1381,2393
2023-12-11T20:00:07.844Z,"NoNose,NoBody2",2,433,5227,1312,11684,1362,2402
2023-12-11T20:00:07.953Z,"NoNose,NoBody2",2,441,5231,1304,11664,1364,2405
2023-12-11T20:00:08.159Z,"NoNose,NoBody2",2,408,4768,1291,11707,1376,2400
2023-12-11T20:00:08.161Z,"NoNose,NoBody2",2,449,5244,1303,11645,1384,2397
2023-12-11T20:00:08.239Z,"NoNose,NoBody2",2,467,5227,1304,11654,1355,2398
2023-12-11T20:00:08.352Z,"NoNose,NoBody2",2,430,5222,1300,11688,1360,2411
2023-12-11T20:00:08.451Z,"NoNose,NoBody2",2,510,5307,1307,11711,1353,2409
2023-12-11T20:00:08.544Z,"NoNose,NoBody2",2,483,5200,1276,11672,1363,2401
2023-12-11T20:00:08.642Z,"NoNose,NoBody2",2,421,5198,1296,11719,1368,2410
2023-12-11T20:00:08.751Z,"NoNose,NoBody2",2,477,5272,1317,11628,1373,2396
2023-12-11T20:00:08.856Z,"NoNose,NoBody2",2,467,5242,1313,11671,1381,2403
2023-12-11T20:00:08.953Z,"NoNose,NoBody2",2,465,5251,1332,11726,1379,2398
2023-12-11T20:00:09.172Z,"NoNose,NoBody2",2,489,5287,1300,11729,1366,2409
2023-12-11T20:00:09.173Z,"NoNose,NoBody2",2,456,5253,1321,11733,1374,2404
2023-12-11T20:00:09.250Z,"NoNose,NoBody2",2,470,5251,1322,11671,1390,2400
2023-12-11T20:00:09.358Z,"NoNose,NoBody2",2,452,5234,1293,11649,1353,2396
2023-12-11T20:00:09.455Z,"NoNose,NoBody2",2,345,6807,1286,11730,1361,2406
2023-12-11T20:00:09.540Z,"NoNose,NoBody2",2,443,11190,1317,11620,1368,2391
2023-12-11T20:00:09.638Z,"NoNose,NoBody2",2,307,11108,1293,11713,1380,2410
2023-12-11T20:00:09.743Z,"NoNose,NoBody2",2,461,11287,1327,11722,1363,2410
2023-12-11T20:00:09.837Z,"NoNose,NoBody2",2,449,11209,1304,11714,1394,2411
2023-12-11T20:00:09.942Z,"NoNose,NoBody2",2,448,11237,1336,11637,1368,2397
2023-12-11T20:00:10.177Z,"NoNose,NoBody2",2,485,11277,1322,11633,1369,2393
2023-12-11T20:00:10.179Z,"NoNose,NoBody2",2,467,11260,1320,11695,1368,2415
2023-12-11T20:00:10.255Z,"NoNose,NoBody2",2,440,11202,1316,11645,1354,2406
2023-12-11T20:00:10.339Z,"NoNose,NoBody2",2,213,10921,1307,11679,1388,2398
2023-12-11T20:00:10.452Z,"NoNose,NoBody2",2,442,11234,1305,11694,1368,2411
2023-12-11T20:00:10.542Z,"NoNose,NoBody2",2,386,11551,1307,11651,1356,2397
2023-12-11T20:00:10.645Z,"NoNose,NoBody2",2,454,11255,1307,11627,1363,2396
2023-12-11T20:00:10.754Z,"NoNose,NoBody2",2,282,10757,1311,11710,1375,2411
2023-12-11T20:00:10.846Z,"NoNose,NoBody2",2,450,11239,1309,11628,1371,2413
2023-12-11T20:00:10.946Z,"NoNose,NoBody2",2,458,11248,1311,11642,1370,2391
2023-12-11T20:00:11.150Z,"NoNose,NoBody2",2,440,11241,1313,11688,1373,2398
2023-12-11T20:00:11.151Z,"NoNose,NoBody2",2,491,11289,1299,11734,1373,2410
2023-12-11T20:00:11.238Z,"NoNose,NoBody2",2,437,11250,1316,11643,1382,2400
2023-12-11T20:00:11.336Z,"NoNose,NoBody2",2,396,11622,1318,11708,1366,2407
2023-12-11T20:00:11.455Z,"NoNose,NoBody2",2,427,11186,1325,11650,1372,2398
2023-12-11T20:00:11.552Z,"NoNose,NoBody2",2,465,11221,1333,11642,1362,2403
2023-12-11T20:00:11.648Z,"NoNose,NoBody2",2,395,11192,1299,11626,1377,2399
2023-12-11T20:00:11.748Z,"NoNose,NoBody2",2,424,11172,1292,11685,1382,2413
2023-12-11T20:00:11.852Z,"NoNose,NoBody2",2,155,11238,1312,11669,1364,2396
2023-12-11T20:00:11.936Z,"NoNose,NoBody2",2,450,11259,1317,11647,1356,2392
2023-12-11T20:00:12.180Z,"NoNose,NoBody2",2,456,11235,1312,11655,1368,2395
2023-12-11T20:00:12.182Z,"NoNose,NoBody2",2,218,11383,1318,11708,1360,2416
2023-12-11T20:00:12.234Z,"NoNose,NoBody2",3,468,11282,1301,11653,1360,2404
2023-12-11T20:00:12.346Z,"NoNose,NoBody2",3,443,11237,1317,11684,1380,2403
2023-12-11T20:00:12.438Z,"NoNose,NoBody2",3,478,11294,1322,11656,1358,2395
2023-12-11T20:00:12.556Z,"NoNose,NoBody2",3,433,11181,1286,11671,1373,2401
2023-12-11T20:00:12.642Z,"NoNose,NoBody2",3,455,11255,1295,11667,1374,2404
2023-12-11T20:00:12.748Z,"NoNose,NoBody2",3,489,11275,1308,11685,1355,2402
2023-12-11T20:00:12.844Z,"NoNose,NoBody2",3,317,11243,1311,11657,1367,2400
2023-12-11T20:00:12.948Z,"NoNose,NoBody2",3,424,11225,1297,11699,1361,2404
2023-12-11T20:00:13.143Z,"NoNose,NoBody2",3,447,11259,1310,11669,1358,2397
2023-12-11T20:00:13.144Z,"NoNose,NoBody2",3,489,11178,1299,11677,1363,2403
2023-12-11T20:00:13.239Z,"NoNose,NoBody2",3,426,11218,1296,11725,1369,2408
2023-12-11T20:00:13.349Z,"NoNose,NoBody2",3,448,11216,1308,11629,1353,2395
2023-12-11T20:00:13.448Z,"NoNose,NoBody2",3,448,11253,1302,11665,1365,2400
2023-12-11T20:00:13.557Z,"NoNose,NoBody2",3,477,11215,1324,11636,1379,2401
2023-12-11T20:00:13.643Z,"NoNose,NoBody2",3,441,11237,1316,11653,1389,2407
2023-12-11T20:00:13.753Z,"NoNose,NoBody2",4,447,11265,1295,11708,1355,2407
2023-12-11T20:00:13.848Z,"NoNose,NoBody2",4,451,11270,1309,11665,1346,2406
2023-12-11T20:00:13.941Z,"NoNose,NoBody2",4,405,11190,1308,11680,1354,2402
2023-12-11T20:00:14.173Z,"NoNose,NoBody2",4,450,11249,1307,11715,1385,2416
2023-12-11T20:00:14.174Z,"NoNose,NoBody2",4,361,11203,1321,11648,1361,2393
2023-12-11T20:00:14.249Z,"NoNose,NoBody2",4,462,11256,1332,11677,1365,2410
2023-12-11T20:00:14.337Z,"NoNose,NoBody2",4,386,11150,1320,11723,1371,2421
2023-12-11T20:00:14.458Z,"NoNose,NoBody2",4,343,11247,1287,11638,1357,2395
2023-12-11T20:00:14.554Z,"NoNose,NoBody2",4,370,11197,1362,11638,1353,2394
2023-12-11T20:00:14.640Z,"NoNose,NoBody2",4,502,11309,1309,11677,1378,2402
2023-12-11T20:00:14.743Z,"NoNose,NoBody2",4,288,11225,1303,11629,1384,2394
2023-12-11T20:00:14.849Z,"NoNose,NoBody2",4,430,11192,1296,11682,1367,2399
2023-12-11T20:00:14.946Z,"NoNose,NoBody2",4,426,11259,1338,11675,1364,2397
2023-12-11T20:00:15.181Z,"NoNose,NoBody2",4,240,11264,1287,11679,1353,2396
2023-12-11T20:00:15.182Z,"NoNose,NoBody2",4,424,11256,1289,11687,1365,2401
2023-12-11T20:00:15.247Z,"NoNose,NoBody2",4,427,11238,1299,11685,1327,2405
2023-12-11T20:00:15.357Z,"NoNose,NoBody2",4,440,11251,1318,11648,1357,2389
2023-12-11T20:00:15.448Z,"NoNose,NoBody2",4,455,11208,1317,11710,1370,2406
2023-12-11T20:00:15.549Z,"NoNose,NoBody2",4,344,11249,1288,11726,1373,2411
2023-12-11T20:00:15.646Z,"NoNose,NoBody2",4,446,11191,1305,11647,1373,2396
2023-12-11T20:00:15.741Z,"NoNose,NoBody2",4,346,11187,1306,11704,1344,2406
2023-12-11T20:00:15.846Z,"NoNose,NoBody2",4,410,11229,1276,11682,1340,2397
2023-12-11T20:00:15.944Z,"NoNose,NoBody2",4,447,11223,1349,11699,1385,2404
2023-12-11T20:00:16.133Z,"NoNose,NoBody2",4,361,11207,1310,11682,1344,2403
2023-12-11T20:00:16.139Z,"NoNose,NoBody2",4,344,11177,1341,11693,1357,2408
2023-12-11T20:00:16.244Z,"NoNose,NoBody2",4,358,11188,1311,11636,1367,2397
2023-12-11T20:00:16.337Z,"NoNose,NoBody2",4,435,11394,1307,11652,1356,2396
2023-12-11T20:00:16.449Z,"NoNose,NoBody2",4,441,11243,1313,11673,1361,2397
2023-12-11T20:00:16.540Z,"NoNose,NoBody2",4,423,11256,1310,11686,1391,2402
2023-12-11T20:00:16.640Z,"NoNose,NoBody2",4,342,11118,1337,11702,1407,2402
2023-12-11T20:00:16.755Z,"NoNose,NoBody2",4,482,11299,1321,11693,1366,2401
2023-12-11T20:00:17.045Z,"NoNose,NoBody2",4,483,11182,1331,11627,1370,2397
2023-12-11T20:00:17.046Z,"NoNose,NoBody2",4,464,11254,1302,11628,1377,2396
2023-12-11T20:00:17.288Z,"NoNose,NoBody2",4,462,11223,1300,11708,1343,2398
2023-12-11T20:00:17.289Z,"NoNose,NoBody2",4,504,11204,1315,11689,1378,2401
2023-12-11T20:00:17.291Z,"NoNose,NoBody2",4,333,11207,1267,11637,1367,2399
2023-12-11T20:00:17.347Z,"NoNose,NoBody2",4,384,10901,1322,11676,1346,2401
2023-12-11T20:00:17.460Z,"NoNose,NoBody2",4,432,11228,1292,11645,1361,2396
2023-12-11T20:00:17.552Z,"NoNose,NoBody2",4,341,11242,1295,11709,1379,2407
2023-12-11T20:00:17.656Z,"NoNose,NoBody2",4,487,11272,1314,11731,1376,2419
2023-12-11T20:00:17.748Z,"NoNose,NoBody2",4,437,11235,1323,11735,1357,2407
2023-12-11T20:00:17.867Z,"NoNose,NoBody2",4,492,11233,1293,11677,1363,2402
2023-12-11T20:00:17.959Z,"NoNose,NoBody2",4,430,11224,1297,11636,1370,2391
2023-12-11T20:00:18.176Z,"NoNose,NoBody2",4,459,11186,1275,11692,1369,2409
2023-12-11T20:00:18.178Z,"NoNose,NoBody2",4,460,11180,1311,11644,1380,2396
2023-12-11T20:00:18.252Z,"NoNose,NoBody2",4,496,11263,1306,11625,1365,2402
2023-12-11T20:00:18.347Z,"NoNose,NoBody2",4,362,11233,1320,11660,1360,2398
2023-12-11T20:00:18.445Z,"NoNose,NoBody2",4,530,11233,1286,11673,1363,2415
2023-12-11T20:00:18.547Z,"NoNose,NoBody2",4,479,11251,1311,11652,1358,2403
2023-12-11T20:00:18.639Z,"NoNose,NoBody2",4,488,11256,1321,11694,1369,2386
2023-12-11T20:00:18.747Z,"NoNose,NoBody2",4,365,11321,1310,11715,1370,2409
2023-12-11T20:00:18.856Z,"NoNose,NoBody2",4,395,11214,1303,11609,1380,2389
2023-12-11T20:00:18.949Z,"NoNose,NoBody2",4,107,11088,1239,11657,1379,2400
2023-12-11T20:00:19.146Z,"NoNose,NoBody2",4,457,11314,1316,11660,1382,2395
2023-12-11T20:00:19.148Z,"NoNose,NoBody2",4,459,11214,1307,11708,1375,2407
2023-12-11T20:00:19.248Z,"NoNose,NoBody2",4,423,11187,1283,11679,1365,2394
2023-12-11T20:00:19.339Z,"NoNose,NoBody2",4,378,11209,1315,11634,1379,2397
2023-12-11T20:00:19.461Z,"NoNose,NoBody2",4,479,11258,1322,11720,1362,2414
2023-12-11T20:00:19.568Z,"NoNose,NoBody2",4,507,11225,1280,11663,1374,2397
2023-12-11T20:00:19.641Z,"NoNose,NoBody2",4,436,11195,1283,11698,1366,2405
2023-12-11T20:00:19.746Z,"NoNose,NoBody2",4,423,11201,1323,11674,1364,2402
2023-12-11T20:00:19.848Z,"NoNose,NoBody2",4,382,11206,1310,11611,1362,2394
2023-12-11T20:00:19.937Z,"NoNose,NoBody2",4,482,11209,1320,11637,1359,2399
2023-12-11T20:00:20.136Z,"NoNose,NoBody2",4,510,11259,1342,11708,1343,2406
2023-12-11T20:00:20.156Z,"NoNose,NoBody2",4,415,11208,1310,11638,1353,2392
2023-12-11T20:00:20.249Z,"NoNose,NoBody2",4,435,11198,1316,11638,1375,2388
2023-12-11T20:00:20.358Z,"NoNose,NoBody2",4,451,11232,1303,11719,1376,2403
2023-12-11T20:00:20.451Z,"NoNose,NoBody2",4,442,11232,1315,11674,1393,2404
2023-12-11T20:00:20.562Z,"NoNose,NoBody2",4,467,11274,1314,11690,1360,2401
2023-12-11T20:00:20.652Z,"NoNose,NoBody2",4,431,11226,1297,11661,1360,2394
2023-12-11T20:00:20.749Z,"NoNose,NoBody2",4,433,11242,1340,11623,1399,2392
2023-12-11T20:00:20.868Z,"NoNose,NoBody2",4,226,10878,1287,11683,1365,2403
2023-12-11T20:00:20.953Z,"NoNose,NoBody2",4,467,11212,1332,11631,1359,2391
2023-12-11T20:00:21.199Z,"NoNose,NoBody2",4,414,11193,1314,11635,1374,2395
2023-12-11T20:00:21.201Z,"NoNose,NoBody2",4,466,11221,1303,11667,1398,2392
2023-12-11T20:00:21.237Z,"NoNose,NoBody2",4,461,11243,1302,11622,1363,2390
2023-12-11T20:00:21.345Z,"NoNose,NoBody2",4,584,11259,1308,11653,1364,2402
2023-12-11T20:00:21.450Z,"NoNose,NoBody2",4,490,11272,1295,11717,1366,2401
2023-12-11T20:00:21.547Z,"NoNose,NoBody2",4,485,11210,1307,11661,1370,2402
2023-12-11T20:00:21.650Z,"NoNose,NoBody2",4,419,11289,1304,11685,1383,2404
2023-12-11T20:00:21.743Z,"NoNose,NoBody2",4,420,11213,1346,11721,1357,2410
2023-12-11T20:00:21.845Z,"NoNose,NoBody2",4,403,11191,1313,11634,1372,2391
2023-12-11T20:00:21.961Z,"NoNose,NoBody2",4,447,11288,1347,11693,1373,2404
2023-12-11T20:00:22.155Z,"NoNose,NoBody2",4,437,11250,1311,11639,1361,2395
2023-12-11T20:00:22.156Z,"NoNose,NoBody2",4,478,11279,1290,11692,1369,2406
2023-12-11T20:00:22.250Z,"NoNose,NoBody2",4,359,11265,1316,11595,1377,2394
2023-12-11T20:00:22.339Z,"NoNose,NoBody2",4,461,11237,1296,11699,1376,2403
2023-12-11T20:00:22.459Z,"NoNose,NoBody2",4,455,11244,1338,11691,1338,2409
2023-12-11T20:00:22.555Z,"NoNose,NoBody2",4,435,11434,1289,11707,1372,2413
2023-12-11T20:00:22.641Z,"NoNose,NoBody2",4,423,11267,1280,11634,1364,2393
2023-12-11T20:00:22.739Z,"NoNose,NoBody2",4,403,11187,1248,11709,1378,2404
2023-12-11T20:00:22.860Z,"NoNose,NoBody2",4,479,11231,1300,11620,1372,2380
2023-12-11T20:00:22.935Z,"NoNose,NoBody2",4,427,11293,1290,11591,1364,2390
2023-12-11T20:00:23.141Z,"NoNose,NoBody2",4,411,11244,1280,11647,1360,2400
2023-12-11T20:00:23.154Z,"NoNose,NoBody2",4,428,11247,1315,11633,1353,2394
2023-12-11T20:00:23.252Z,"NoNose,NoBody2",4,397,11256,1307,11620,1376,2403
2023-12-11T20:00:23.337Z,"NoNose,NoBody2",4,380,11210,1305,11633,1389,2395
2023-12-11T20:00:23.436Z,"NoNose,NoBody2",4,433,11216,1302,11693,1365,2406
2023-12-11T20:00:23.545Z,"NoNose,NoBody2",4,487,11184,1329,11662,1369,2401
2023-12-11T20:00:23.656Z,"NoNose,NoBody2",4,462,11217,1306,11665,1357,2401
2023-12-11T20:00:23.742Z,"NoNose,NoBody2",4,349,11578,1294,11679,1367,2405
2023-12-11T20:00:23.841Z,"NoNose,NoBody2",4,437,11267,1306,11710,1355,2408
2023-12-11T20:00:23.957Z,"NoNose,NoBody2",4,462,11237,1307,11697,1368,2414
2023-12-11T20:00:24.163Z,"NoNose,NoBody2",4,374,11255,1305,11688,1359,2402
2023-12-11T20:00:24.165Z,"NoNose,NoBody2",4,432,11619,1320,11647,1393,2400
2023-12-11T20:00:24.253Z,"NoNose,NoBody2",4,462,11211,1280,6641,1347,2403
2023-12-11T20:00:24.350Z,"NoNose,NoBody2",4,396,10997,1306,6430,1385,2409
2023-12-11T20:00:24.463Z,"NoNose,NoBody2",4,523,11221,1301,6418,1373,2415
2023-12-11T20:00:24.550Z,"NoNose,NoBody2",4,511,11206,1299,6376,1370,2397
2023-12-11T20:00:24.649Z,"NoNose,NoBody2",4,469,11277,1294,6392,1377,2391
2023-12-11T20:00:24.746Z,"NoNose,NoBody2",4,339,11042,1295,6389,1348,2393
2023-12-11T20:00:24.847Z,"NoNose,NoBody2",4,450,11197,1298,6390,1370,2397
2023-12-11T20:00:24.937Z,"NoNose,NoBody2",4,446,11273,1300,6414,1362,2414
2023-12-11T20:00:25.145Z,"NoNose,NoBody2",4,470,11231,1292,6395,1380,2401
2023-12-11T20:00:25.146Z,"NoNose,NoBody2",4,288,11072,1297,6364,1371,2399
2023-12-11T20:00:25.256Z,"NoNose,NoBody2",4,471,11199,1312,6373,1381,2393
2023-12-11T20:00:25.345Z,"NoNose,NoBody2",4,262,11278,1303,6400,1371,2401
2023-12-11T20:00:25.441Z,"NoNose,NoBody2",4,417,11214,1322,6390,1377,2401
2023-12-11T20:00:25.542Z,"NoNose,NoBody2",4,423,11249,1297,6367,1377,2395
2023-12-11T20:00:25.652Z,"NoNose,NoBody2",4,453,11189,1298,6398,1388,2400
2023-12-11T20:00:25.742Z,"NoNose,NoBody2",4,340,11233,1265,6368,1370,2391
2023-12-11T20:00:25.855Z,"NoNose,NoBody2",4,331,11113,1292,6364,1364,2388
2023-12-11T20:00:25.945Z,"NoNose,NoBody2",4,465,11219,1319,6387,1367,2405
2023-12-11T20:00:26.350Z,"NoNose,NoBody2",4,474,11212,1303,6427,1374,2420
2023-12-11T20:00:26.352Z,"NoNose,NoBody2",4,410,11309,1311,6434,1357,2410
2023-12-11T20:00:26.354Z,"NoNose,NoBody2",4,386,10766,1310,6374,1380,2395
2023-12-11T20:00:26.355Z,"NoNose,NoBody2",5,452,11276,1300,6422,1351,2411
2023-12-11T20:00:26.442Z,"NoNose,NoBody2",5,436,11218,1274,6413,1378,2415
2023-12-11T20:00:26.553Z,"NoNose,NoBody2",5,276,11278,1306,6416,1388,2411
2023-12-11T20:00:26.649Z,"NoNose,NoBody2",5,322,10935,1296,6372,1386,2391
2023-12-11T20:00:26.751Z,"NoNose,NoBody2",5,414,11242,1307,6352,1361,2400
2023-12-11T20:00:27.013Z,"NoNose,NoBody2",5,364,11203,1313,6364,1379,2411
2023-12-11T20:00:27.015Z,"NoNose,NoBody2",5,463,11255,1316,6340,1340,2403
2023-12-11T20:00:27.225Z,"NoNose,NoBody2",5,376,10888,1310,6329,1370,2402
2023-12-11T20:00:27.227Z,"NoNose,NoBody2",5,498,11261,1326,6327,1368,2396
2023-12-11T20:00:27.244Z,"NoNose,NoBody2",5,448,11256,1310,6370,1357,2399
2023-12-11T20:00:27.351Z,"NoNose,NoBody2",5,472,11280,1327,6351,1354,2402
2023-12-11T20:00:27.452Z,"NoNose,NoBody2",5,444,11230,1332,6348,1375,2419
2023-12-11T20:00:27.546Z,"NoNose,NoBody2",5,461,11202,1288,6332,1369,2392
2023-12-11T20:00:27.640Z,"NoNose,NoBody2",5,371,11431,1315,6326,1376,2404
2023-12-11T20:00:27.740Z,"NoNose,NoBody2",5,431,11232,1289,6361,1385,2392
2023-12-11T20:00:27.865Z,"NoNose,NoBody2",5,417,11028,1297,6343,1395,2393
2023-12-11T20:00:27.938Z,"NoNose,NoBody2",5,444,11285,1311,6334,1369,2397
2023-12-11T20:00:28.131Z,"NoNose,NoBody2",5,445,11255,1297,6383,1371,2410
2023-12-11T20:00:28.147Z,"NoNose,NoBody2",5,482,11239,1307,6334,1371,2398
2023-12-11T20:00:28.240Z,"NoNose,NoBody2",5,212,11023,1291,6334,1368,2392
2023-12-11T20:00:28.356Z,"NoNose,NoBody2",5,472,11263,1319,6325,1377,2394
2023-12-11T20:00:28.449Z,"NoNose,NoBody2",5,379,11299,1318,6361,1379,2410
2023-12-11T20:00:28.535Z,"NoNose,NoBody2",5,454,11263,1298,6351,1379,2400
2023-12-11T20:00:28.651Z,"NoNose,NoBody2",5,440,11223,1304,6353,1356,2399
2023-12-11T20:00:28.736Z,"NoNose,NoBody2",5,425,11363,1322,6382,1374,2411
2023-12-11T20:00:28.844Z,"NoNose,NoBody2",5,460,11271,1315,6371,1383,2409
2023-12-11T20:00:28.945Z,"NoNose,NoBody2",5,447,11227,1305,6365,1378,2405
2023-12-11T20:00:29.184Z,"NoNose,NoBody2",5,383,11240,1304,6372,1371,2407
2023-12-11T20:00:29.186Z,"NoNose,NoBody2",5,406,11366,1285,11666,1365,2402
2023-12-11T20:00:29.242Z,"NoNose,NoBody2",5,435,11271,1322,11657,1368,2390
2023-12-11T20:00:29.338Z,"NoNose,NoBody2",5,451,11243,1303,11682,1381,2399
2023-12-11T20:00:29.437Z,"NoNose,NoBody2",5,433,11207,1329,11675,1362,2409
2023-12-11T20:00:29.535Z,"NoNose,NoBody2",5,456,11233,1301,11706,1379,2410
2023-12-11T20:00:29.648Z,"NoNose,NoBody2",5,440,11220,1296,11690,1368,2394
2023-12-11T20:00:29.746Z,"NoNose,NoBody2",5,455,11187,1312,11661,1381,2399
2023-12-11T20:00:29.844Z,"NoNose,NoBody2",5,445,11225,1335,11676,1375,2405
2023-12-11T20:00:29.957Z,"NoNose,NoBody2",5,438,11240,1297,11627,1383,2403
2023-12-11T20:00:30.172Z,"NoNose,NoBody2",5,466,11247,1324,11722,1357,2409
2023-12-11T20:00:30.173Z,"NoNose,NoBody2",5,439,11230,1308,11637,1375,2398
2023-12-11T20:00:30.250Z,"NoNose,NoBody2",5,481,11178,1303,11614,1379,2391
2023-12-11T20:00:30.341Z,"NoNose,NoBody2",5,364,11563,1339,11653,1371,2403
2023-12-11T20:00:30.451Z,"NoNose,NoBody2",5,491,11257,1317,11751,1366,2402
2023-12-11T20:00:30.545Z,"NoNose,NoBody2",5,386,10974,1327,11686,1387,2402
2023-12-11T20:00:30.650Z,"NoNose,NoBody2",5,436,11179,1311,11741,1379,2412
2023-12-11T20:00:30.749Z,"NoNose,NoBody2",5,458,11263,1317,11693,1383,2402
2023-12-11T20:00:30.847Z,"NoNose,NoBody2",5,455,11258,1335,11638,1382,2397
2023-12-11T20:00:30.949Z,"NoNose,NoBody2",5,379,11063,1302,11682,1367,2406
2023-12-11T20:00:31.140Z,"NoNose,NoBody2",5,448,11254,1317,11698,1378,2406
2023-12-11T20:00:31.142Z,"NoNose,NoBody2",5,457,11181,1315,11635,1383,2399
2023-12-11T20:00:31.239Z,"NoNose,NoBody2",5,470,11267,1307,11642,1368,2412
2023-12-11T20:00:31.341Z,"NoNose,NoBody2",5,444,11183,1333,11640,1365,2395
2023-12-11T20:00:31.451Z,"NoNose,NoBody2",6,468,11252,1301,11715,1375,2405
2023-12-11T20:00:31.551Z,"NoNose,NoBody2",6,440,11226,1310,11718,1361,2408
2023-12-11T20:00:31.652Z,"NoNose,NoBody2",6,438,11169,1280,11665,1362,2393
2023-12-11T20:00:31.743Z,"NoNose,NoBody2",6,437,11237,1297,11652,1361,2393
2023-12-11T20:00:31.859Z,"NoNose,NoBody2",6,464,11257,1321,11628,1381,2395
2023-12-11T20:00:31.942Z,"NoNose,NoBody2",6,435,11233,1305,11634,1366,2400
2023-12-11T20:00:32.167Z,"NoNose,NoBody2",6,468,11201,1304,11723,1360,2402
2023-12-11T20:00:32.170Z,"NoNose,NoBody2",6,492,11174,1322,11670,1374,2390
2023-12-11T20:00:32.238Z,"NoNose,NoBody2",6,448,11258,1304,11643,1379,2401
2023-12-11T20:00:32.337Z,"NoNose,NoBody2",6,458,11267,1335,11737,1384,2425
2023-12-11T20:00:32.447Z,"NoNose,NoBody2",6,420,11222,1287,11659,1379,2395
2023-12-11T20:00:32.543Z,"NoNose,NoBody2",6,465,11282,1304,11682,1377,2397
2023-12-11T20:00:32.652Z,"NoNose,NoBody2",6,435,11188,1301,11723,1377,2405
2023-12-11T20:00:32.753Z,"NoNose,NoBody2",6,466,11182,1292,11658,1354,2396
2023-12-11T20:00:32.855Z,"NoNose,NoBody2",6,445,11182,1295,11711,1363,2409
2023-12-11T20:00:32.951Z,"NoNose,NoBody2",6,418,11117,1300,11758,1372,2411
2023-12-11T20:00:33.139Z,"NoNose,NoBody2",6,341,11243,1342,11707,1368,2391
2023-12-11T20:00:33.147Z,"NoNose,NoBody2",6,266,11237,1339,11648,1371,2396
2023-12-11T20:00:33.235Z,"NoNose,NoBody2",6,404,11193,1314,11744,1363,2401
2023-12-11T20:00:33.342Z,"NoNose,NoBody2",6,457,11182,1296,11683,1355,2389
2023-12-11T20:00:33.441Z,"NoNose,NoBody2",6,376,11570,1304,11690,1359,2407
2023-12-11T20:00:33.540Z,"NoNose,NoBody2",6,496,11270,1313,11655,1383,2399
2023-12-11T20:00:33.652Z,"NoNose,NoBody2",6,447,11259,1315,11659,1369,2399
2023-12-11T20:00:33.746Z,"NoNose,NoBody2",6,454,11224,1308,11660,1392,2398
2023-12-11T20:00:33.848Z,"NoNose,NoBody2",6,380,11510,1317,11673,1375,2403
2023-12-11T20:00:33.957Z,"NoNose,NoBody2",6,448,11235,1282,11668,1352,2396
2023-12-11T20:00:34.162Z,"NoNose,NoBody2",6,422,10979,1272,11626,1388,2404
2023-12-11T20:00:34.164Z,"NoNose,NoBody2",6,477,11193,1269,11719,1370,2411
2023-12-11T20:00:34.254Z,"NoNose,NoBody2",6,423,11447,1329,7290,1357,2404
2023-12-11T20:00:34.352Z,"NoNose,NoBody2",6,423,11213,1291,2070,1395,2401
2023-12-11T20:00:34.444Z,"NoNose,NoBody2",6,464,11173,1302,2067,1379,2400
2023-12-11T20:00:34.551Z,"NoNose,NoBody2",6,502,11305,1301,2062,1378,2393
2023-12-11T20:00:34.635Z,"NoNose,NoBody2",6,434,11256,1281,2058,1371,2409
2023-12-11T20:00:34.743Z,"NoNose,NoBody2",6,471,11186,1318,2068,1361,2411
2023-12-11T20:00:34.844Z,"NoNose,NoBody2",6,452,11204,1302,2067,1362,2395
2023-12-11T20:00:34.959Z,"NoNose,NoBody2",6,492,11209,1301,2055,1357,2397
2023-12-11T20:00:35.154Z,"NoNose,NoBody2",6,300,11295,1307,2060,1358,2405
2023-12-11T20:00:35.155Z,"NoNose,NoBody2",6,415,11194,1291,2069,1377,2402
2023-12-11T20:00:35.252Z,"NoNose,NoBody2",6,390,11258,1294,2059,1372,2395
2023-12-11T20:00:35.357Z,"NoNose,NoBody2",6,424,11271,1302,2065,1388,2398
2023-12-11T20:00:35.446Z,"NoNose,NoBody2",6,465,11242,1290,2072,1369,2411
2023-12-11T20:00:35.548Z,"NoNose,NoBody2",6,449,11260,1307,2055,1384,2393
2023-12-11T20:00:35.659Z,"NoNose,NoBody2",6,448,11276,1316,2059,1384,2385
2023-12-11T20:00:35.745Z,"NoNose,NoBody2",6,317,11217,1289,2072,1357,2409
2023-12-11T20:00:35.863Z,"NoNose,NoBody2",6,390,11187,1289,2056,1362,2404
2023-12-11T20:00:35.946Z,"NoNose,NoBody2",6,395,11228,1313,2065,1368,2408
2023-12-11T20:00:36.186Z,"NoNose,NoBody2",6,452,11256,1322,2056,1353,2390
2023-12-11T20:00:36.188Z,"NoNose,NoBody2",6,402,11208,1303,2068,1350,2399
2023-12-11T20:00:36.245Z,"NoNose,NoBody2",6,441,11228,1314,2057,1378,2397
2023-12-11T20:00:36.341Z,"NoNose,NoBody2",6,482,11259,1313,2062,1367,2406
2023-12-11T20:00:36.450Z,"NoNose,NoBody2",6,348,11210,1335,2066,1377,2396
2023-12-11T20:00:36.552Z,"NoNose,NoBody2",6,439,11249,1310,2059,1381,2402
2023-12-11T20:00:36.639Z,"NoNose,NoBody2",7,327,11256,1309,2075,1371,2395
2023-12-11T20:00:36.743Z,"NoNose,NoBody2",7,475,11215,1309,2058,1354,2387
2023-12-11T20:00:37.094Z,"NoNose,NoBody2",7,447,11202,1314,2093,1381,2398
2023-12-11T20:00:37.096Z,"NoNose,NoBody2",7,355,11404,1302,2096,1358,2401
2023-12-11T20:00:37.098Z,"NoNose,NoBody2",7,492,11274,1321,2047,1389,2391
2023-12-11T20:00:37.299Z,"NoNose,NoBody2",7,488,11213,1327,2076,1369,2406
2023-12-11T20:00:37.301Z,"NoNose,NoBody2",7,376,11237,1311,2039,1369,2399
2023-12-11T20:00:37.353Z,"NoNose,NoBody2",7,427,11217,1263,2032,1339,2395
2023-12-11T20:00:37.456Z,"NoNose,NoBody2",7,393,11185,1286,2063,1364,2395
2023-12-11T20:00:37.550Z,"NoNose,NoBody2",7,439,11196,1282,2069,1357,2407
2023-12-11T20:00:37.651Z,"NoNose,NoBody2",7,477,11261,1301,2046,1376,2393
2023-12-11T20:00:37.750Z,"NoNose,NoBody2",7,417,11198,1326,2051,1378,2413
2023-12-11T20:00:37.847Z,"NoNose,NoBody2",7,462,11183,1293,2046,1359,2406
2023-12-11T20:00:37.940Z,"NoNose,NoBody2",7,520,11271,1333,2052,1356,2400
2023-12-11T20:00:38.131Z,"NoNose,NoBody2",7,431,11325,1313,2031,1352,2392
2023-12-11T20:00:38.135Z,"NoNose,NoBody2",7,471,11217,1328,2039,1366,2403
2023-12-11T20:00:38.251Z,"NoNose,NoBody2",7,479,11215,1322,2037,1354,2392
2023-12-11T20:00:38.349Z,"NoNose,NoBody2",7,307,11129,1330,2045,1370,2404
2023-12-11T20:00:38.457Z,"NoNose,NoBody2",7,486,11211,1325,2040,1381,2387
2023-12-11T20:00:38.565Z,"NoNose,NoBody2",7,402,11223,1305,2053,1364,2401
2023-12-11T20:00:38.638Z,"NoNose,NoBody2",7,467,11197,1288,2042,1365,2396
2023-12-11T20:00:38.739Z,"NoNose,NoBody2",7,476,11281,1303,2043,1368,2412
2023-12-11T20:00:38.857Z,"NoNose,NoBody2",7,472,11205,1329,2046,1360,2410
2023-12-11T20:00:38.954Z,"NoNose,NoBody2",7,434,11230,1286,2034,1380,2386
2023-12-11T20:00:39.202Z,"NoNose,NoBody2",7,388,11181,1318,2047,1372,2418
2023-12-11T20:00:39.204Z,"NoNose,NoBody2",7,449,11244,1295,2051,1370,2416
2023-12-11T20:00:39.236Z,"NoNose,NoBody2",7,454,11258,1291,2053,1363,2409
2023-12-11T20:00:39.354Z,"NoNose,NoBody2",7,391,11174,1299,2042,1361,2382
2023-12-11T20:00:39.449Z,"NoNose,NoBody2",7,431,10812,1285,11609,1350,2394
2023-12-11T20:00:39.532Z,"NoNose,NoBody2",7,445,11191,1314,11676,1368,2402
2023-12-11T20:00:39.633Z,"NoNose,NoBody2",7,419,11558,1313,11628,1386,2419
2023-12-11T20:00:39.741Z,"NoNose,NoBody2",7,442,11260,1330,11721,1380,2394
2023-12-11T20:00:39.846Z,"NoNose,NoBody2",7,466,11226,1312,11667,1359,2405
2023-12-11T20:00:39.949Z,"NoNose,NoBody2",7,388,11193,1299,11649,1358,2403
2023-12-11T20:00:40.149Z,"NoNose,NoBody2",7,359,11249,1344,11671,1366,2395
2023-12-11T20:00:40.151Z,"NoNose,NoBody2",7,543,11218,1318,11602,1367,2386
2023-12-11T20:00:40.246Z,"NoNose,NoBody2",7,397,11161,1302,11684,1371,2395
2023-12-11T20:00:40.349Z,"NoNose,NoBody2",7,435,11203,1290,11690,1361,2406
2023-12-11T20:00:40.449Z,"NoNose,NoBody2",7,507,11283,1309,11607,1375,2399
2023-12-11T20:00:40.546Z,"NoNose,NoBody2",7,451,11235,1308,11636,1387,2394
2023-12-11T20:00:40.645Z,"NoNose,NoBody2",7,329,11095,1297,11685,1346,2388
2023-12-11T20:00:40.748Z,"NoNose,NoBody2",7,512,11258,1321,11613,1362,2398
2023-12-11T20:00:40.848Z,"NoNose,NoBody2",7,397,11254,1281,11647,1373,2404
2023-12-11T20:00:40.952Z,"NoNose,NoBody2",7,443,11218,1312,11647,1359,2400
2023-12-11T20:00:41.157Z,"NoNose,NoBody2",7,471,11189,1313,11638,1364,2411
2023-12-11T20:00:41.161Z,"NoNose,NoBody2",7,453,11177,1333,11646,1369,2403
2023-12-11T20:00:41.234Z,"NoNose,NoBody2",7,439,11269,1304,11633,1373,2397
2023-12-11T20:00:41.342Z,"NoNose,NoBody2",7,450,11198,1299,11601,1368,2395
2023-12-11T20:00:41.453Z,"NoNose,NoBody2",7,448,11238,1283,11629,1360,2401
2023-12-11T20:00:41.550Z,"NoNose,NoBody2",7,425,11184,1318,11696,1348,2410
2023-12-11T20:00:41.676Z,"NoNose,NoBody2",7,430,11232,1279,11648,1389,2391
2023-12-11T20:00:41.741Z,"NoNose,NoBody2",7,431,11227,1298,11666,1379,2399
2023-12-11T20:00:41.846Z,"NoNose,NoBody2",8,344,11168,1310,11607,1374,2397
2023-12-11T20:00:41.972Z,"NoNose,NoBody2",8,448,11241,1322,11690,1348,2406
2023-12-11T20:00:42.233Z,"NoNose,NoBody2",8,456,11239,1283,11574,1359,2395
2023-12-11T20:00:42.235Z,"NoNose,NoBody2",8,442,11238,1303,11653,1363,2405
2023-12-11T20:00:42.258Z,"NoNose,NoBody2",8,388,11175,1297,11668,1350,2405
2023-12-11T20:00:42.354Z,"NoNose,NoBody2",8,342,11213,1309,11687,1381,2418
2023-12-11T20:00:42.456Z,"NoNose,NoBody2",8,451,11214,1299,11664,1341,2405
2023-12-11T20:00:42.542Z,"NoNose,NoBody2",8,316,10821,1291,11645,1368,2411
2023-12-11T20:00:42.647Z,"NoNose,NoBody2",8,467,11230,1295,11635,1366,2396
2023-12-11T20:00:42.746Z,"NoNose,NoBody2",8,434,11185,1323,11697,1387,2405
2023-12-11T20:00:42.853Z,"NoNose,NoBody2",8,483,11199,1296,11599,1348,2394
2023-12-11T20:00:42.950Z,"NoNose,NoBody2",8,467,11246,1311,11597,1352,2397
2023-12-11T20:00:43.138Z,"NoNose,NoBody2",8,463,11210,1302,11590,1387,2399
2023-12-11T20:00:43.142Z,"NoNose,NoBody2",8,481,11279,1317,11667,1352,2396
2023-12-11T20:00:43.246Z,"NoNose,NoBody2",8,445,11275,1313,11695,1377,2415
2023-12-11T20:00:43.362Z,"NoNose,NoBody2",8,445,11192,1326,11609,1347,2394
2023-12-11T20:00:43.441Z,"NoNose,NoBody2",8,446,11189,1339,11691,1369,2381
2023-12-11T20:00:43.545Z,"NoNose,NoBody2",8,443,11219,1325,11654,1329,2407
2023-12-11T20:00:43.637Z,"NoNose,NoBody2",8,442,11143,1296,6938,1355,2409
2023-12-11T20:00:43.744Z,"NoNose,NoBody2",8,464,11268,1327,6505,1358,2399
2023-12-11T20:00:43.844Z,"NoNose,NoBody2",8,462,11228,1320,6546,1371,2388
2023-12-11T20:00:43.936Z,"NoNose,NoBody2",8,304,11342,1308,6513,1372,2395
2023-12-11T20:00:44.135Z,"NoNose,NoBody2",8,488,11231,1293,6516,1357,2402
2023-12-11T20:00:44.147Z,"NoNose,NoBody2",8,438,11248,1291,6536,1381,2411
2023-12-11T20:00:44.247Z,"NoNose,NoBody2",8,475,11265,1292,6504,1359,2401
2023-12-11T20:00:44.339Z,"NoNose,NoBody2",8,462,11234,1315,6512,1369,2402
2023-12-11T20:00:44.442Z,"NoNose,NoBody2",8,436,11178,1315,6512,1362,2404
2023-12-11T20:00:44.554Z,"NoNose,NoBody2",8,432,11206,1320,6505,1351,2396
2023-12-11T20:00:44.641Z,"NoNose,NoBody2",8,470,11234,1290,6493,1370,2392
2023-12-11T20:00:44.744Z,"NoNose,NoBody2",8,439,11166,1309,6496,1371,2407
2023-12-11T20:00:44.842Z,"NoNose,NoBody2",8,462,11213,1300,6500,1355,2404
2023-12-11T20:00:44.952Z,"NoNose,NoBody2",8,412,11240,1327,6505,1377,2404
2023-12-11T20:00:45.150Z,"NoNose,NoBody2",8,421,11217,1318,6519,1358,2400
2023-12-11T20:00:45.152Z,"NoNose,NoBody2",8,432,11224,1309,6482,1375,2391
2023-12-11T20:00:45.257Z,"NoNose,NoBody2",8,437,11206,1299,6497,1351,2397
2023-12-11T20:00:45.345Z,"NoNose,NoBody2",8,407,11175,1305,6507,1386,2400
2023-12-11T20:00:45.445Z,"NoNose,NoBody2",8,464,11256,1351,6484,1375,2395
2023-12-11T20:00:45.542Z,"NoNose,NoBody2",8,455,11206,1298,6533,1366,2405
2023-12-11T20:00:45.647Z,"NoNose,NoBody2",8,453,11214,1308,6529,1361,2415
2023-12-11T20:00:45.740Z,"NoNose,NoBody2",8,462,11263,1308,6514,1350,2402
2023-12-11T20:00:45.842Z,"NoNose,NoBody2",8,441,11229,1312,6484,1367,2387
2023-12-11T20:00:45.943Z,"NoNose,NoBody2",8,365,11233,1301,6545,1367,2446
2023-12-11T20:00:46.179Z,"NoNose,NoBody2",8,553,11274,1307,6511,1353,2398
2023-12-11T20:00:46.181Z,"NoNose,NoBody2",8,427,11168,1313,6467,1377,2396
2023-12-11T20:00:46.256Z,"NoNose,NoBody2",8,438,11161,1245,6523,1366,2405
2023-12-11T20:00:46.342Z,"NoNose,NoBody2",8,458,11210,1314,6484,1367,2396
2023-12-11T20:00:46.442Z,"NoNose,NoBody2",8,440,11187,1303,6470,1360,2400
2023-12-11T20:00:46.565Z,"NoNose,NoBody2",8,428,11226,1310,6495,1368,2396
2023-12-11T20:00:46.644Z,"NoNose,NoBody2",8,463,11198,1317,6487,1361,2400
2023-12-11T20:00:46.738Z,"NoNose,NoBody2",8,443,11206,1294,6496,1372,2409
2023-12-11T20:00:47.018Z,"NoNose,NoBody2",8,451,11241,1290,6518,1370,2410
2023-12-11T20:00:47.020Z,"NoNose,NoBody2",8,442,11209,1314,6521,1366,2403
2023-12-11T20:00:47.228Z,"NoNose,NoBody2",8,407,11216,1320,6487,1366,2400
2023-12-11T20:00:47.229Z,"NoNose,NoBody2",8,436,11268,1313,6503,1372,2404
2023-12-11T20:00:47.253Z,"NoNose,NoBody2",8,339,11181,1287,6502,1361,2387
2023-12-11T20:00:47.343Z,"NoNose,NoBody2",8,464,11195,1327,6496,1359,2393
2023-12-11T20:00:47.443Z,"NoNose,NoBody2",8,434,11209,1301,6512,1366,12545
2023-12-11T20:00:47.542Z,"NoNose,NoBody2",8,441,11225,1321,6494,1372,12550
2023-12-11T20:00:47.660Z,"NoNose,NoBody2",8,425,11197,1299,6528,1373,12575
2023-12-11T20:00:47.753Z,"NoNose,NoBody2",8,435,11369,1312,6508,1376,12561
2023-12-11T20:00:47.843Z,"NoNose,NoBody2",8,445,11214,1324,6472,1381,12541
2023-12-11T20:00:47.942Z,"NoNose,NoBody2",8,465,11287,1303,6469,1365,12496
2023-12-11T20:00:48.165Z,"NoNose,NoBody2",8,463,11210,1323,6503,1360,12536
2023-12-11T20:00:48.167Z,"NoNose,NoBody2",8,497,11168,1310,6498,1369,12561
2023-12-11T20:00:48.252Z,"NoNose,NoBody2",8,451,11192,1326,6483,1352,12479
2023-12-11T20:00:48.342Z,"NoNose,NoBody2",8,460,11238,1295,6476,1369,12496
2023-12-11T20:00:48.439Z,"NoNose,NoBody2",8,483,11291,1314,6492,1367,12506
2023-12-11T20:00:48.538Z,"NoNose,NoBody2",8,327,11249,1294,6479,1366,12478
2023-12-11T20:00:48.647Z,"NoNose,NoBody2",8,476,11252,1316,6488,1381,12552
2023-12-11T20:00:48.755Z,"NoNose,NoBody2",8,419,11179,1313,6500,1372,12538
2023-12-11T20:00:48.847Z,"NoNose,NoBody2",8,419,11210,1290,6466,1359,12487
2023-12-11T20:00:48.940Z,"NoNose,NoBody2",8,473,11256,1296,6550,1374,12521
2023-12-11T20:00:49.162Z,"NoNose,NoBody2",8,436,11178,1312,6493,1352,12503
2023-12-11T20:00:49.164Z,"NoNose,NoBody2",8,474,11264,1316,6533,1376,12500
2023-12-11T20:00:49.255Z,"NoNose,NoBody2",8,403,11237,1321,6489,1370,7109
2023-12-11T20:00:49.362Z,"NoNose,NoBody2",8,470,11209,1276,6477,1373,6825
2023-12-11T20:00:49.450Z,"NoNose,NoBody2",8,454,11234,1321,6531,1376,6819
2023-12-11T20:00:49.546Z,"NoNose,NoBody2",8,432,11202,1306,6474,1363,6798
2023-12-11T20:00:49.642Z,"NoNose,NoBody2",8,450,11233,1309,6491,1375,6825
2023-12-11T20:00:49.751Z,"NoNose,NoBody2",8,468,11194,1319,6524,1373,6862
2023-12-11T20:00:49.844Z,"NoNose,NoBody2",8,456,11271,1316,6493,1360,6807
2023-12-11T20:00:49.940Z,"NoNose,NoBody2",8,505,11286,1322,6496,1368,6807
2023-12-11T20:00:50.169Z,"NoNose,NoBody2",8,505,11207,1313,6492,1372,6799
2023-12-11T20:00:50.171Z,"NoNose,NoBody2",8,387,11327,1259,6487,1364,6801
2023-12-11T20:00:50.248Z,"NoNose,NoBody2",8,452,11232,1300,6512,1382,6823
2023-12-11T20:00:50.343Z,"NoNose,NoBody2",8,427,11226,1300,6496,1368,6819
2023-12-11T20:00:50.473Z,"NoNose,NoBody2",8,500,11229,1293,6519,1358,6809
2023-12-11T20:00:50.549Z,"NoNose,NoBody2",8,426,11212,1291,6493,1354,6818
2023-12-11T20:00:50.639Z,"NoNose,NoBody2",8,439,11184,1300,6493,1366,6796
2023-12-11T20:00:50.746Z,"NoNose,NoBody2",8,476,11280,1326,6492,1370,6805
2023-12-11T20:00:50.845Z,"NoNose,NoBody2",8,431,11180,1304,6498,1377,6800
2023-12-11T20:00:50.950Z,"NoNose,NoBody2",8,423,11245,1330,6528,1366,6817
2023-12-11T20:00:51.232Z,"NoNose,NoBody2",8,444,11264,1314,6490,1348,6808
2023-12-11T20:00:51.234Z,"NoNose,NoBody2",8,438,11113,1306,6513,1379,6816
2023-12-11T20:00:51.254Z,"NoNose,NoBody2",8,166,11195,1317,6472,1380,6802
2023-12-11T20:00:51.408Z,"NoNose,NoBody2",8,423,11227,1306,6475,1367,6801
2023-12-11T20:00:51.454Z,"NoNose,NoBody2",8,218,10795,1305,6535,1380,6802
2023-12-11T20:00:51.538Z,"NoNose,NoBody2",8,412,11228,1323,6472,1371,6805
2023-12-11T20:00:51.634Z,"NoNose,NoBody2",8,444,11259,1298,6507,1368,6832
2023-12-11T20:00:51.743Z,"NoNose,NoBody2",8,441,11197,1297,6490,1353,6816
2023-12-11T20:00:51.843Z,"NoNose,NoBody2",8,426,11218,1302,6523,1359,6831
2023-12-11T20:00:51.944Z,"NoNose,NoBody2",8,443,11213,1286,6483,1351,6838
2023-12-11T20:00:52.197Z,"NoNose,NoBody2",8,421,11696,1314,6523,1364,6853
2023-12-11T20:00:52.199Z,"NoNose,NoBody2",8,434,11221,1319,6507,1373,6821
2023-12-11T20:00:52.246Z,"NoNose,NoBody2",8,453,11185,1313,6497,1375,6818
2023-12-11T20:00:52.359Z,"NoNose,NoBody2",8,387,11206,1284,6481,1373,6814
2023-12-11T20:00:52.445Z,"NoNose,NoBody2",8,362,11208,1305,6487,1353,6826
2023-12-11T20:00:52.539Z,"NoNose,NoBody2",8,464,11231,1301,6482,1371,6814
2023-12-11T20:00:52.637Z,"NoNose,NoBody2",8,476,11280,1327,6483,1333,6819
2023-12-11T20:00:52.747Z,"NoNose,NoBody2",8,504,11261,1341,6498,1362,6839
2023-12-11T20:00:52.857Z,"NoNose,NoBody2",8,425,11211,1347,6517,1377,6833
2023-12-11T20:00:52.958Z,"NoNose,NoBody2",8,437,11249,1332,6505,1363,6821
2023-12-11T20:00:53.282Z,"NoNose,NoBody2",8,291,11206,1339,6536,1361,6845
2023-12-11T20:00:53.284Z,"NoNose,NoBody2",8,410,11230,1313,6526,1345,6850
2023-12-11T20:00:53.286Z,"NoNose,NoBody2",8,465,11245,1296,6503,1345,6840
2023-12-11T20:00:53.369Z,"NoNose,NoBody2",8,529,11250,1299,6500,1357,6817
2023-12-11T20:00:53.473Z,"NoNose,NoBody2",8,417,11167,1300,6486,1357,6816
2023-12-11T20:00:53.597Z,"NoNose,NoBody2",8,423,11196,1303,6506,1365,6825
2023-12-11T20:00:53.639Z,"NoNose,NoBody2",8,452,11187,1320,6497,1374,6824
2023-12-11T20:00:53.737Z,"NoNose,NoBody2",8,477,11255,1321,6467,1368,6830
2023-12-11T20:00:54.126Z,"NoNose,NoBody2",8,446,11283,1306,6527,1364,6848
2023-12-11T20:00:54.133Z,"NoNose,NoBody2",8,469,11243,1329,6510,1381,6820
2023-12-11T20:00:54.135Z,"NoNose,NoBody2",8,441,11195,1309,6478,1378,6828
2023-12-11T20:00:54.358Z,"NoNose,NoBody2",8,446,11233,1311,6498,1369,6818
2023-12-11T20:00:54.360Z,"NoNose,NoBody2",8,449,11223,1301,6481,1373,6819
2023-12-11T20:00:54.361Z,"NoNose,NoBody2",8,435,11164,1317,6478,1381,6801
2023-12-11T20:00:54.464Z,"NoNose,NoBody2",8,396,11199,1306,6472,1359,6834
2023-12-11T20:00:54.540Z,"NoNose,NoBody2",8,423,11240,1299,6501,1357,6823
2023-12-11T20:00:54.671Z,"NoNose,NoBody2",8,455,11213,1327,6523,1375,6851
2023-12-11T20:00:54.749Z,"NoNose,NoBody2",8,425,11256,1298,6526,1371,6793
2023-12-11T20:00:54.847Z,"NoNose,NoBody2",8,437,11249,1313,6539,1389,6853
2023-12-11T20:00:54.946Z,"NoNose,NoBody2",8,257,10745,1308,6494,1355,6846
2023-12-11T20:00:55.172Z,"NoNose,NoBody2",8,457,11224,1300,6527,1375,6841
2023-12-11T20:00:55.174Z,"NoNose,NoBody2",8,474,11600,1291,6499,1362,6819
2023-12-11T20:00:55.243Z,"NoNose,NoBody2",8,464,11244,1316,6469,1379,6802
2023-12-11T20:00:55.340Z,"NoNose,NoBody2",8,422,11199,1308,6503,1361,6828
2023-12-11T20:00:55.448Z,"NoNose,NoBody2",8,450,11213,1320,6516,1349,6816
2023-12-11T20:00:55.550Z,"NoNose,NoBody2",8,437,11206,1313,6524,1376,6842
2023-12-11T20:00:55.650Z,"NoNose,NoBody2",8,441,11197,1303,6499,1369,6523
2023-12-11T20:00:55.745Z,"NoNose,NoBody2",8,429,11191,1338,6526,1380,6405
2023-12-11T20:00:55.849Z,"NoNose,NoBody2",8,460,11289,1339,6515,1392,6445
2023-12-11T20:00:55.960Z,"NoNose,NoBody2",8,432,11212,1290,6480,1374,6412
2023-12-11T20:00:56.158Z,"NoNose,NoBody2",8,485,11214,1322,6493,1360,12556
2023-12-11T20:00:56.160Z,"NoNose,NoBody2",8,273,11049,1321,6519,1375,12546
2023-12-11T20:00:56.240Z,"NoNose,NoBody2",8,318,11232,1292,6472,1369,12474
2023-12-11T20:00:56.345Z,"NoNose,NoBody2",8,461,11225,1295,6511,1380,12475
2023-12-11T20:00:56.446Z,"NoNose,NoBody2",8,473,11270,1321,6482,1379,12476
2023-12-11T20:00:56.558Z,"NoNose,NoBody2",8,450,11260,1322,6515,1356,12500
2023-12-11T20:00:56.645Z,"NoNose,NoBody2",8,415,11195,1308,6478,1371,12489
2023-12-11T20:00:56.755Z,"NoNose,NoBody2",8,415,11144,1322,6471,1385,12477
2023-12-11T20:00:57.047Z,"NoNose,NoBody2",8,465,11202,1309,6495,1379,12523
2023-12-11T20:00:57.049Z,"NoNose,NoBody2",8,463,11249,1303,6515,1364,12550
2023-12-11T20:00:57.050Z,"NoNose,NoBody2",8,449,11357,1317,6504,1385,12543
2023-12-11T20:00:57.310Z,"NoNose,NoBody2",8,467,11243,1321,6510,1380,12512
2023-12-11T20:00:57.312Z,"NoNose,NoBody2",8,417,11248,1305,6497,1364,12477
2023-12-11T20:00:57.343Z,"NoNose,NoBody2",8,458,11194,1304,6526,1369,12465
2023-12-11T20:00:57.452Z,"NoNose,NoBody2",8,383,11450,1296,6515,1390,12559
2023-12-11T20:00:57.546Z,"NoNose,NoBody2",8,450,11245,1327,6529,1357,12467
2023-12-11T20:00:57.649Z,"NoNose,NoBody2",8,346,10909,1329,6501,1366,12568
2023-12-11T20:00:57.744Z,"NoNose,NoBody2",8,381,11119,1311,6485,1359,12496
2023-12-11T20:00:57.853Z,"NoNose,NoBody2",8,453,11276,1324,6488,1359,12489
2023-12-11T20:00:57.957Z,"NoNose,NoBody2",8,451,11244,1328,6525,1375,12506
2023-12-11T20:00:58.184Z,"NoNose,NoBody2",8,474,11232,1311,6473,1371,12491
2023-12-11T20:00:58.186Z,"NoNose,NoBody2",8,463,11258,1306,6479,1366,12500
2023-12-11T20:00:58.233Z,"NoNose,NoBody2",8,396,11582,1313,6516,1364,12559
2023-12-11T20:00:58.349Z,"NoNose,NoBody2",8,417,11254,1329,6484,1372,12500
2023-12-11T20:00:58.451Z,"NoNose,NoBody2",8,443,11182,1322,6477,1383,12507
2023-12-11T20:00:58.563Z,"NoNose,NoBody2",8,450,11206,1308,6516,1374,12538
2023-12-11T20:00:58.650Z,"NoNose,NoBody2",8,432,11226,1292,6526,1381,12504
2023-12-11T20:00:58.748Z,"NoNose,NoBody2",8,480,11218,1298,6520,1355,12525
2023-12-11T20:00:58.850Z,"NoNose,NoBody2",8,281,10843,1335,6517,1362,12576
2023-12-11T20:00:58.949Z,"NoNose,NoBody2",8,431,11186,1298,6502,1361,12529
2023-12-11T20:00:59.144Z,"NoNose,NoBody2",8,465,11263,1313,6497,1361,12515
2023-12-11T20:00:59.145Z,"NoNose,NoBody2",8,438,11234,1325,6491,1338,12488
2023-12-11T20:00:59.249Z,"NoNose,NoBody2",8,448,11269,1304,6496,1362,12507
2023-12-11T20:00:59.342Z,"NoNose,NoBody2",8,463,11164,1312,6494,1385,12502
2023-12-11T20:00:59.448Z,"NoNose,NoBody2",8,411,11183,1285,6482,1363,12472
2023-12-11T20:00:59.555Z,"NoNose,NoBody2",8,426,11225,1297,6531,1376,12568
2023-12-11T20:00:59.638Z,"NoNose,NoBody2",8,440,11205,1313,6523,1364,12495
2023-12-11T20:00:59.752Z,"NoNose,NoBody2",8,470,11247,1308,6518,1372,12510
2023-12-11T20:00:59.844Z,"NoNose,NoBody2",8,428,11199,1316,6475,1380,12500
2023-12-11T20:00:59.936Z,"NoNose,NoBody2",8,404,11257,1286,6490,1378,12526
2023-12-11T20:01:00.133Z,"NoNose,NoBody2",8,439,11262,1352,6512,1352,5127
2023-12-11T20:01:00.162Z,"NoNose,NoBody2",8,463,11217,1325,6524,1376,2448
2023-12-11T20:01:00.244Z,"NoNose,NoBody2",8,449,11243,1317,6475,1373,2431
2023-12-11T20:01:00.350Z,"NoNose,NoBody2",8,432,11258,1324,6496,1368,2445
2023-12-11T20:01:00.447Z,"NoNose,NoBody2",8,443,11261,1299,6517,1377,2458
2023-12-11T20:01:00.559Z,"NoNose,NoBody2",8,484,11258,1316,6522,1362,2443
2023-12-11T20:01:00.654Z,"NoNose,NoBody2",8,468,11228,1290,6513,1374,2433
2023-12-11T20:01:00.743Z,"NoNose,NoBody2",8,317,10968,1297,6490,1379,2450
2023-12-11T20:01:00.847Z,"NoNose,NoBody2",8,458,11196,1326,6485,1359,2439
2023-12-11T20:01:00.938Z,"NoNose,NoBody2",8,432,11537,1290,6481,1377,2435
2023-12-11T20:01:01.151Z,"NoNose,NoBody2",8,441,11187,1307,6478,1367,2440
2023-12-11T20:01:01.153Z,"NoNose,NoBody2",8,433,11211,1326,6525,1372,2435
2023-12-11T20:01:01.252Z,"NoNose,NoBody2",8,460,11265,1332,6510,1385,2437
2023-12-11T20:01:01.341Z,"NoNose,NoBody2",8,447,11201,1299,6508,1362,2448
2023-12-11T20:01:01.438Z,"NoNose,NoBody2",8,468,11261,1310,6487,1360,2432
2023-12-11T20:01:01.541Z,"NoNose,NoBody2",8,407,11214,1324,6531,1383,2426
2023-12-11T20:01:01.664Z,"NoNose,NoBody2",8,446,11236,1313,6516,1376,2447
2023-12-11T20:01:01.753Z,"NoNose,NoBody2",8,450,11225,1292,6517,1363,2449
2023-12-11T20:01:01.851Z,"NoNose,NoBody2",8,443,11263,1328,6486,1381,2444
2023-12-11T20:01:01.943Z,"NoNose,NoBody2",8,454,11199,1291,6527,1378,2433
2023-12-11T20:01:02.157Z,"NoNose,NoBody2",8,451,11247,1297,6490,1375,2437
2023-12-11T20:01:02.158Z,"NoNose,NoBody2",8,458,11247,1348,6480,1386,2441
2023-12-11T20:01:02.240Z,"NoNose,NoBody2",8,481,11244,1327,6489,1372,12424
2023-12-11T20:01:02.345Z,"NoNose,NoBody2",8,439,11017,1313,6476,9175,12402
2023-12-11T20:01:02.442Z,"NoNose,NoBody2",8,483,11186,1313,6493,8944,12410
2023-12-11T20:01:02.551Z,"NoNose,NoBody2",8,430,11216,1310,6515,8865,12408
2023-12-11T20:01:02.665Z,"NoNose,NoBody2",8,449,11196,1299,6496,8869,12412
2023-12-11T20:01:02.749Z,"NoNose,NoBody2",8,473,11266,1321,11650,8795,12432
2023-12-11T20:01:02.856Z,"NoNose,NoBody2",8,543,11244,1310,11688,6494,12462
2023-12-11T20:01:02.942Z,"NoNose,NoBody2",8,441,11191,1284,11649,6561,12420
2023-12-11T20:01:03.225Z,"NoNose,NoBody2",8,443,11185,1301,11628,6515,12384
2023-12-11T20:01:03.227Z,"NoNose,NoBody2",8,409,11248,1315,11620,6534,12415
2023-12-11T20:01:03.236Z,"NoNose,NoBody2",8,458,11207,1315,11673,6536,12430
2023-12-11T20:01:03.339Z,"NoNose,NoBody2",8,437,11239,1311,11638,6554,12462
2023-12-11T20:01:03.448Z,"NoNose,NoBody2",8,454,11248,1333,11641,6566,12418
2023-12-11T20:01:03.544Z,"NoNose,NoBody2",8,422,11191,1309,11691,6495,12387
2023-12-11T20:01:03.644Z,"NoNose,NoBody2",8,435,11278,1322,11634,6536,12391
2023-12-11T20:01:03.756Z,"NoNose,NoBody2",8,464,11238,1327,11638,6536,12425
2023-12-11T20:01:03.850Z,"NoNose,NoBody2",8,426,11194,1303,11627,6491,12389
2023-12-11T20:01:03.942Z,"NoNose,NoBody2",8,424,11172,1291,11649,6532,12474
2023-12-11T20:01:04.137Z,"NoNose,NoBody2",8,434,11514,1314,11736,6499,12427
2023-12-11T20:01:04.141Z,"NoNose,NoBody2",8,427,11185,1307,11652,6497,12458
2023-12-11T20:01:04.254Z,"NoNose,NoBody2",8,464,11211,1342,11687,6491,12466
2023-12-11T20:01:04.337Z,"NoNose,NoBody2",8,466,11223,1310,11664,6476,12382
2023-12-11T20:01:04.443Z,"NoNose,NoBody2",8,462,11241,1325,11705,6478,12446
2023-12-11T20:01:04.546Z,"NoNose,NoBody2",8,436,11189,1289,11630,6477,12414
2023-12-11T20:01:04.663Z,"NoNose,NoBody2",8,470,11214,1303,11636,6436,12424
2023-12-11T20:01:04.759Z,"NoNose,NoBody2",8,455,11262,1309,11622,6476,12388
2023-12-11T20:01:04.850Z,"NoNose,NoBody2",8,446,11232,1341,11669,6473,12412
2023-12-11T20:01:04.947Z,"NoNose,NoBody2",8,456,11248,1322,11619,6465,12410
2023-12-11T20:01:05.174Z,"NoNose,NoBody2",8,452,11263,1327,11699,6485,12465
2023-12-11T20:01:05.176Z,"NoNose,NoBody2",8,440,11213,1291,11650,6439,12441
2023-12-11T20:01:05.256Z,"NoNose,NoBody2",8,452,11223,1312,11698,6454,12477
2023-12-11T20:01:05.347Z,"NoNose,NoBody2",8,467,11219,1313,11657,6453,12427
2023-12-11T20:01:05.454Z,"NoNose,NoBody2",8,464,11248,1320,11683,6454,12457
2023-12-11T20:01:05.545Z,"NoNose,NoBody2",8,498,11197,1319,11708,6423,12501
2023-12-11T20:01:05.641Z,"NoNose,NoBody2",8,468,11274,1344,11628,6451,12425
2023-12-11T20:01:05.747Z,"NoNose,NoBody2",8,447,11212,1309,11734,6441,12382
2023-12-11T20:01:05.864Z,"NoNose,NoBody2",8,442,11192,1321,11660,6411,12403
2023-12-11T20:01:05.948Z,"NoNose,NoBody2",8,439,11232,1315,11703,6430,12437
2023-12-11T20:01:06.145Z,"NoNose,NoBody2",8,455,11209,1332,11704,6419,12437
2023-12-11T20:01:06.147Z,"NoNose,NoBody2",8,433,11217,1326,11702,6446,12469
2023-12-11T20:01:06.250Z,"NoNose,NoBody2",8,429,11154,1316,11713,6413,12390
2023-12-11T20:01:06.344Z,"NoNose,NoBody2",8,495,11270,1329,11648,6411,12426
2023-12-11T20:01:06.462Z,"NoNose,NoBody2",8,459,11231,1315,11659,6460,12438
2023-12-11T20:01:06.546Z,"NoNose,NoBody2",8,386,11151,1310,11675,6428,12474
2023-12-11T20:01:06.636Z,"NoNose,NoBody2",8,444,11271,1325,11687,6400,12407
2023-12-11T20:01:06.755Z,"NoNose,NoBody2",8,455,11258,1301,11641,6398,12426
2023-12-11T20:01:07.070Z,"NoNose,NoBody2",8,441,11215,1310,11677,6424,12474
2023-12-11T20:01:07.072Z,"NoNose,NoBody2",8,454,11226,1327,11627,6417,12427
2023-12-11T20:01:07.074Z,"NoNose,NoBody2",8,458,11202,1317,11678,6432,12448
2023-12-11T20:01:07.288Z,"NoNose,NoBody2",8,499,11491,1334,11653,6418,12431
2023-12-11T20:01:07.290Z,"NoNose,NoBody2",8,462,11288,1326,11669,6430,12436
2023-12-11T20:01:07.346Z,"NoNose,NoBody2",8,440,11196,1308,11647,6421,12472
2023-12-11T20:01:07.444Z,"NoNose,NoBody2",8,474,11210,1320,11708,6406,12425
2023-12-11T20:01:07.543Z,"NoNose,NoBody2",8,466,11284,1315,11658,6433,12451
2023-12-11T20:01:07.649Z,"NoNose,NoBody2",8,442,11226,1310,11689,6430,12480
2023-12-11T20:01:07.746Z,"NoNose,NoBody2",8,387,10748,1295,11700,6423,12417
2023-12-11T20:01:07.848Z,"NoNose,NoBody2",8,410,11254,1325,11611,6399,12453
2023-12-11T20:01:07.945Z,"NoNose,NoBody2",8,484,11210,1292,11699,6457,12417
2023-12-11T20:01:08.169Z,"NoNose,NoBody2",8,470,11248,1316,11708,6405,12471
2023-12-11T20:01:08.171Z,"NoNose,NoBody2",8,418,11187,1297,11715,6388,12476
2023-12-11T20:01:08.236Z,"NoNose,NoBody2",8,455,11193,1327,11637,6450,12417
2023-12-11T20:01:08.357Z,"NoNose,NoBody2",8,462,11263,1326,11661,6433,12439
2023-12-11T20:01:08.441Z,"NoNose,NoBody2",8,453,11264,1320,7633,6425,12415
2023-12-11T20:01:08.548Z,"NoNose,NoBody2",8,347,10987,1319,2065,6410,12431
2023-12-11T20:01:08.641Z,"NoNose,NoBody2",8,428,11169,1299,2060,6438,12480
2023-12-11T20:01:08.744Z,"NoNose,NoBody2",8,353,11480,1296,2056,6417,12427
2023-12-11T20:01:08.844Z,"NoNose,NoBody2",8,438,11191,1302,2052,6393,12473
2023-12-11T20:01:08.950Z,"NoNose,NoBody2",8,133,11151,1329,2056,6419,12391
2023-12-11T20:01:09.182Z,"NoNose,NoBody2",8,569,11271,1317,2050,6397,12412
2023-12-11T20:01:09.183Z,"NoNose,NoBody2",8,469,11186,1316,2047,6377,12391
2023-12-11T20:01:09.235Z,"NoNose,NoBody2",8,474,11274,1298,2055,6413,12448
2023-12-11T20:01:09.346Z,"NoNose,NoBody2",8,430,11179,1298,2063,6415,12474
2023-12-11T20:01:09.441Z,"NoNose,NoBody2",8,487,11237,1320,2046,6389,12409
2023-12-11T20:01:09.533Z,"NoNose,NoBody2",8,307,11306,1320,2047,6377,12449
2023-12-11T20:01:09.645Z,"NoNose,NoBody2",8,440,11219,1319,2045,6406,12423
2023-12-11T20:01:09.746Z,"NoNose,NoBody2",8,441,11228,1315,2046,6411,12400
2023-12-11T20:01:09.863Z,"NoNose,NoBody2",8,419,11167,1289,2040,7266,12401
2023-12-11T20:01:09.961Z,"NoNose,NoBody2",8,457,11201,1337,2041,7154,10745
2023-12-11T20:01:10.166Z,"NoNose,NoBody2",8,469,11248,1303,2058,1391,2399
2023-12-11T20:01:10.168Z,"NoNose,NoBody2",8,429,11249,1356,2057,1370,2409
2023-12-11T20:01:10.242Z,"NoNose,NoBody2",8,437,11246,1312,2057,1367,2403
2023-12-11T20:01:10.345Z,"NoNose,NoBody2",8,441,11227,1306,2053,1392,2412
2023-12-11T20:01:10.443Z,"NoNose,NoBody2",8,452,11191,1329,2062,1398,2406
2023-12-11T20:01:10.556Z,"NoNose,NoBody2",8,426,11261,1301,2064,1402,2404
2023-12-11T20:01:10.642Z,"NoNose,NoBody2",8,427,11278,1312,2046,1405,2403
2023-12-11T20:01:10.739Z,"NoNose,NoBody2",8,430,11264,1311,2052,1404,2402
2023-12-11T20:01:10.861Z,"NoNose,NoBody2",8,224,10718,1316,2051,1387,2402
2023-12-11T20:01:10.944Z,"NoNose,NoBody2",8,462,11281,1323,2046,1403,2403
2023-12-11T20:01:11.162Z,"NoNose,NoBody2",8,429,11223,1294,2063,1404,2420
2023-12-11T20:01:11.164Z,"NoNose,NoBody2",8,471,11305,1317,2061,1407,2406
2023-12-11T20:01:11.246Z,"NoNose,NoBody2",8,431,11233,1295,2065,1383,2393
2023-12-11T20:01:11.343Z,"NoNose,NoBody2",8,433,11184,1307,2065,1393,2399
2023-12-11T20:01:11.460Z,"NoNose,NoBody2",8,480,11234,1301,2056,1381,2398
2023-12-11T20:01:11.560Z,"NoNose,NoBody2",8,466,11269,1343,2062,1397,2397
2023-12-11T20:01:11.654Z,"NoNose,NoBody2",8,433,11226,1337,2067,1384,2414
2023-12-11T20:01:11.741Z,"NoNose,NoBody2",8,424,11199,1298,2062,1386,2423
2023-12-11T20:01:11.841Z,"NoNose,NoBody2",8,443,11251,1313,2064,1390,2414
2023-12-11T20:01:11.940Z,"NoNose,NoBody2",8,494,11184,1338,2049,1401,2396
2023-12-11T20:01:12.127Z,"NoNose,NoBody2",8,453,11213,1310,2052,1402,2407
2023-12-11T20:01:12.156Z,"NoNose,NoBody2",8,455,11347,1308,2067,1391,2413
2023-12-11T20:01:12.243Z,"NoNose,NoBody2",8,353,11349,1321,2054,1394,2399
2023-12-11T20:01:12.352Z,"NoNose,NoBody2",8,483,11261,1315,2059,1400,2407
2023-12-11T20:01:12.449Z,"NoNose,NoBody2",8,529,11126,1342,2061,1389,2424
2023-12-11T20:01:12.557Z,"NoNose,NoBody2",8,434,11169,1309,2053,1385,2405
2023-12-11T20:01:12.646Z,"NoNose,NoBody2",8,460,11260,1321,2057,1378,2412
2023-12-11T20:01:12.740Z,"NoNose,NoBody2",8,438,11243,1311,2059,1388,2410
2023-12-11T20:01:12.844Z,"NoNose,NoBody2",8,457,11247,1312,2063,1402,2410
2023-12-11T20:01:12.941Z,"NoNose,NoBody2",8,445,11207,1312,2053,1393,2413
2023-12-11T20:01:13.139Z,"NoNose,NoBody2",8,452,11182,1297,2053,1377,2428
2023-12-11T20:01:13.168Z,"NoNose,NoBody2",8,413,11172,1305,2051,1384,2441
2023-12-11T20:01:13.244Z,"NoNose,NoBody2",8,328,11225,1315,2054,1389,2436
2023-12-11T20:01:13.338Z,"NoNose,NoBody2",8,450,11198,1302,2051,1383,2439
2023-12-11T20:01:13.448Z,"NoNose,NoBody2",8,383,11299,1299,2051,1372,2440
2023-12-11T20:01:13.545Z,"NoNose,NoBody2",8,419,11165,1309,2061,1377,2427
2023-12-11T20:01:13.636Z,"NoNose,NoBody2",8,455,11229,1315,2050,1393,2425
2023-12-11T20:01:13.745Z,"NoNose,NoBody2",8,490,11288,1331,2057,1391,2443
2023-12-11T20:01:13.842Z,"NoNose,NoBody2",8,451,11180,1316,2055,1379,2429
2023-12-11T20:01:13.947Z,"NoNose,NoBody2",8,437,11249,1300,2052,1390,2429
2023-12-11T20:01:14.146Z,"NoNose,NoBody2",8,472,11264,1301,2049,1385,2438
2023-12-11T20:01:14.149Z,"NoNose,NoBody2",8,457,11245,1325,2046,1398,2425
2023-12-11T20:01:14.253Z,"NoNose,NoBody2",8,420,11198,1313,2064,1368,2450
2023-12-11T20:01:14.341Z,"NoNose,NoBody2",8,98,10750,1325,2063,1380,2430
2023-12-11T20:01:14.459Z,"NoNose,NoBody2",8,474,11235,1317,2063,1395,2417
2023-12-11T20:01:14.557Z,"NoNose,NoBody2",8,506,11307,1310,2061,1371,2431
2023-12-11T20:01:14.665Z,"NoNose,NoBody2",8,431,11259,1332,2058,1371,2436
2023-12-11T20:01:14.749Z,"NoNose,NoBody2",8,484,11261,1323,2057,1372,2427
2023-12-11T20:01:14.844Z,"NoNose,NoBody2",8,435,11174,1316,2051,1388,2429
2023-12-11T20:01:14.941Z,"NoNose,NoBody2",8,479,11431,1303,2068,1374,2422
2023-12-11T20:01:15.140Z,"NoNose,NoBody2",8,411,11217,1319,2063,1366,2422
2023-12-11T20:01:15.144Z,"NoNose,NoBody2",8,420,11171,1298,2055,1397,2423
2023-12-11T20:01:15.235Z,"NoNose,NoBody2",8,442,11227,1317,2046,1373,12567
2023-12-11T20:01:15.349Z,"NoNose,NoBody2",8,430,11201,1313,2055,5722,12521
2023-12-11T20:01:15.441Z,"NoNose,NoBody2",8,474,11244,1326,2055,9048,12537
2023-12-11T20:01:15.554Z,"NoNose,NoBody2",8,459,11244,1317,2061,8897,12509
2023-12-11T20:01:15.649Z,"NoNose,NoBody2",8,447,11247,1339,2050,8854,12503
2023-12-11T20:01:15.749Z,"NoNose,NoBody2",8,450,11197,1309,10364,8844,12584
2023-12-11T20:01:15.846Z,"NoNose,NoBody2",8,432,11245,1296,11638,7239,12549
2023-12-11T20:01:15.945Z,"NoNose,NoBody2",8,456,11265,1297,11613,7235,12523
2023-12-11T20:01:16.150Z,"NoNose,NoBody2",8,462,11427,1310,11600,7192,12545
2023-12-11T20:01:16.162Z,"NoNose,NoBody2",8,328,11325,1310,11625,7152,12572
2023-12-11T20:01:16.248Z,"NoNose,NoBody2",8,451,11226,1325,11606,7145,12539
2023-12-11T20:01:16.346Z,"NoNose,NoBody2",8,377,11162,1311,11670,7120,12580
2023-12-11T20:01:16.439Z,"NoNose,NoBody2",8,526,11202,1321,11618,7128,12531
2023-12-11T20:01:16.556Z,"NoNose,NoBody2",8,457,11247,1317,11660,7125,12580
2023-12-11T20:01:16.638Z,"NoNose,NoBody2",8,489,11261,1341,11687,7122,12477
2023-12-11T20:01:16.747Z,"NoNose,NoBody2",8,471,11270,1318,11640,7127,12548
2023-12-11T20:01:17.022Z,"NoNose,NoBody2",8,461,11261,1330,11677,7125,12584
2023-12-11T20:01:17.024Z,"NoNose,NoBody2",8,461,11277,1340,11663,7104,12511
2023-12-11T20:01:17.210Z,"NoNose,NoBody2",8,444,11180,1327,11619,7136,12547
2023-12-11T20:01:17.211Z,"NoNose,NoBody2",8,443,11210,1330,11663,7119,12565
2023-12-11T20:01:17.249Z,"NoNose,NoBody2",8,426,11223,1314,11685,7083,12490
2023-12-11T20:01:17.345Z,"NoNose,NoBody2",8,498,11291,1324,11579,7081,12559
2023-12-11T20:01:17.458Z,"NoNose,NoBody2",8,461,11199,1329,11614,7024,12520
2023-12-11T20:01:17.544Z,"NoNose,NoBody2",8,462,11227,1320,11659,7093,12563
2023-12-11T20:01:17.641Z,"NoNose,NoBody2",8,453,11209,1324,11617,7073,12529
2023-12-11T20:01:17.740Z,"NoNose,NoBody2",8,500,11254,1341,11650,7074,12560
2023-12-11T20:01:17.842Z,"NoNose,NoBody2",8,450,11220,1314,11665,7077,12572
2023-12-11T20:01:17.940Z,"NoNose,NoBody2",8,464,11243,1311,11718,7064,12491
2023-12-11T20:01:18.138Z,"NoNose,NoBody2",8,420,11174,1330,11667,7019,12577
2023-12-11T20:01:18.143Z,"NoNose,NoBody2",8,447,11196,1290,11647,7001,12484
2023-12-11T20:01:18.251Z,"NoNose,NoBody2",8,280,10950,1321,11655,7029,12500
2023-12-11T20:01:18.335Z,"NoNose,NoBody2",8,453,11256,1318,11654,7042,12557
2023-12-11T20:01:18.443Z,"NoNose,NoBody2",8,459,11231,1328,11638,7063,12537
2023-12-11T20:01:18.551Z,"NoNose,NoBody2",8,467,11191,1318,11663,7057,12545
2023-12-11T20:01:18.656Z,"NoNose,NoBody2",8,462,11226,1326,11683,7046,12537
2023-12-11T20:01:18.754Z,"NoNose,NoBody2",8,480,11285,1323,11613,7018,12504
2023-12-11T20:01:18.850Z,"NoNose,NoBody2",8,446,11188,1334,11586,7016,12508
2023-12-11T20:01:18.957Z,"NoNose,NoBody2",8,385,11208,1307,11639,7012,12488
2023-12-11T20:01:19.202Z,"NoNose,NoBody2",8,437,11197,1290,11651,6984,12502
2023-12-11T20:01:19.204Z,"NoNose,NoBody2",8,435,11233,1305,11691,7010,12579
2023-12-11T20:01:19.243Z,"NoNose,NoBody2",8,422,11223,1299,11621,7003,12543
2023-12-11T20:01:19.362Z,"NoNose,NoBody2",8,473,11240,1323,11655,7016,12544
2023-12-11T20:01:19.443Z,"NoNose,NoBody2",8,439,11216,1328,11670,6991,12577
2023-12-11T20:01:19.548Z,"NoNose,NoBody2",8,445,11244,1314,11625,6997,12573
2023-12-11T20:01:19.642Z,"NoNose,NoBody2",8,432,11247,1305,11662,6985,12492
2023-12-11T20:01:19.742Z,"NoNose,NoBody2",8,326,11025,1299,11631,6975,12513
2023-12-11T20:01:19.856Z,"NoNose,NoBody2",8,455,11144,1320,11694,6962,12566
2023-12-11T20:01:19.947Z,"NoNose,NoBody2",8,375,11550,1316,11731,7005,12482
2023-12-11T20:01:20.207Z,"NoNose,NoBody2",8,450,11326,1303,11682,6996,12515
2023-12-11T20:01:20.209Z,"NoNose,NoBody2",8,461,11231,1320,11656,7007,12577
2023-12-11T20:01:20.236Z,"NoNose,NoBody2",8,410,11171,1288,11676,7012,12542
2023-12-11T20:01:20.344Z,"NoNose,NoBody2",8,411,11193,1281,11684,7023,12491
2023-12-11T20:01:20.443Z,"NoNose,NoBody2",8,447,11184,1319,11646,6989,12532
2023-12-11T20:01:20.547Z,"NoNose,NoBody2",8,439,11196,1302,11639,6948,12506
2023-12-11T20:01:20.641Z,"NoNose,NoBody2",8,456,11209,1325,11666,6976,12568
2023-12-11T20:01:20.750Z,"NoNose,NoBody2",8,473,11538,1304,11647,6957,12501
2023-12-11T20:01:20.843Z,"NoNose,NoBody2",8,449,11229,1335,11670,6964,12539
2023-12-11T20:01:20.943Z,"NoNose,NoBody2",8,467,11255,1307,11632,6974,12554
2023-12-11T20:01:21.183Z,"NoNose,NoBody2",8,440,11253,1326,11643,6995,12515
2023-12-11T20:01:21.185Z,"NoNose,NoBody2",8,454,11199,1309,11693,6971,12575
2023-12-11T20:01:21.249Z,"NoNose,NoBody2",8,359,11244,1324,11700,6966,12514
2023-12-11T20:01:21.345Z,"NoNose,NoBody2",8,463,11182,1304,11669,7018,12500
2023-12-11T20:01:21.443Z,"NoNose,NoBody2",8,455,11245,1299,11636,6954,12531
2023-12-11T20:01:21.538Z,"NoNose,NoBody2",8,499,11303,1311,11692,6990,12548
2023-12-11T20:01:21.635Z,"NoNose,NoBody2",8,482,11269,1314,11636,6971,12514
2023-12-11T20:01:21.747Z,"NoNose,NoBody2",8,433,11180,1299,11721,6981,12541
2023-12-11T20:01:21.844Z,"NoNose,NoBody2",8,429,11176,1299,11695,6968,12532
2023-12-11T20:01:21.943Z,"NoNose,NoBody2",8,454,11221,1305,11667,6951,12549
2023-12-11T20:01:22.153Z,"NoNose,NoBody2",8,466,11283,1303,11700,6978,12518
2023-12-11T20:01:22.154Z,"NoNose,NoBody2",8,445,11256,1324,11700,6938,12493
2023-12-11T20:01:22.247Z,"NoNose,NoBody2",8,475,11229,1299,11699,6927,12579
2023-12-11T20:01:22.343Z,"NoNose,NoBody2",8,457,11228,1303,11635,6945,12509
2023-12-11T20:01:22.460Z,"NoNose,NoBody2",8,463,11226,1313,11718,6971,12516
2023-12-11T20:01:22.558Z,"NoNose,NoBody2",8,449,11230,1305,11695,6926,12557
2023-12-11T20:01:22.650Z,"NoNose,NoBody2",8,538,11265,1319,11649,6952,12589
2023-12-11T20:01:22.742Z,"NoNose,NoBody2",8,371,11266,1319,11692,7218,12570
2023-12-11T20:01:22.842Z,"NoNose,NoBody2",8,488,11279,1337,11701,7457,12584
2023-12-11T20:01:22.962Z,"NoNose,NoBody2",8,446,11151,1319,11619,7481,2393
2023-12-11T20:01:23.197Z,"NoNose,NoBody2",8,543,11274,1311,11729,1381,2405
2023-12-11T20:01:23.199Z,"NoNose,NoBody2",8,446,11212,1318,11709,1400,2411
2023-12-11T20:01:23.249Z,"NoNose,NoBody2",8,459,11191,1329,11699,1391,2411
2023-12-11T20:01:23.352Z,"NoNose,NoBody2",8,464,11216,1310,11645,1389,2402
2023-12-11T20:01:23.436Z,"NoNose,NoBody2",8,434,11198,1277,11628,1397,2398
2023-12-11T20:01:23.556Z,"NoNose,NoBody2",8,461,11279,1320,11635,1384,2401
2023-12-11T20:01:23.655Z,"NoNose,NoBody2",8,457,11227,1309,11694,1387,2415
2023-12-11T20:01:23.743Z,"NoNose,NoBody2",8,449,11271,1295,11635,1404,2399
2023-12-11T20:01:23.851Z,"NoNose,NoBody2",8,431,11242,1335,11712,1398,2404
2023-12-11T20:01:23.953Z,"NoNose,NoBody2",8,422,11277,1345,11746,1404,2405
2023-12-11T20:01:24.158Z,"NoNose,NoBody2",8,467,10932,1292,11670,1386,2402
2023-12-11T20:01:24.160Z,"NoNose,NoBody2",8,456,11254,1303,11676,1404,2417
2023-12-11T20:01:24.243Z,"NoNose,NoBody2",8,476,11242,1316,11666,1399,2405
2023-12-11T20:01:24.339Z,"NoNose,NoBody2",8,451,11193,1303,11641,1398,2402
2023-12-11T20:01:24.444Z,"NoNose,NoBody2",8,445,11211,1303,11709,1392,2414
2023-12-11T20:01:24.555Z,"NoNose,NoBody2",8,527,11192,1291,11700,1383,2412
2023-12-11T20:01:24.639Z,"NoNose,NoBody2",8,467,11239,1312,11700,1390,2404
2023-12-11T20:01:24.741Z,"NoNose,NoBody2",8,495,11295,1299,11686,1393,2405
2023-12-11T20:01:24.834Z,"NoNose,NoBody2",8,458,11259,1321,11721,1378,2401
2023-12-11T20:01:24.950Z,"NoNose,NoBody2",8,447,11245,1298,11643,1409,2405
2023-12-11T20:01:25.162Z,"NoNose,NoBody2",8,469,11252,1293,11653,1395,2397
2023-12-11T20:01:25.169Z,"NoNose,NoBody2",8,466,11275,1318,11714,1402,2394
2023-12-11T20:01:25.243Z,"NoNose,NoBody2",8,429,11199,1322,11724,1379,2414
2023-12-11T20:01:25.349Z,"NoNose,NoBody2",8,492,11257,1332,11733,1397,2395
2023-12-11T20:01:25.457Z,"NoNose,NoBody2",8,474,11216,1293,11693,1398,2398
2023-12-11T20:01:25.550Z,"NoNose,NoBody2",8,449,11207,1314,11646,1386,2402
2023-12-11T20:01:25.645Z,"NoNose,NoBody2",8,442,11237,1282,11648,1394,2405
2023-12-11T20:01:25.742Z,"NoNose,NoBody2",8,475,11175,1311,11707,1393,2399
2023-12-11T20:01:25.854Z,"NoNose,NoBody2",8,449,11269,1323,11679,1375,2400
2023-12-11T20:01:25.964Z,"NoNose,NoBody2",8,446,11235,1327,11743,1383,2415
2023-12-11T20:01:26.164Z,"NoNose,NoBody2",8,448,11216,1305,11703,1397,2409
2023-12-11T20:01:26.166Z,"NoNose,NoBody2",8,451,11267,1327,11662,1394,2405
2023-12-11T20:01:26.246Z,"NoNose,NoBody2",8,441,11223,1312,11637,1395,2410
2023-12-11T20:01:26.340Z,"NoNose,NoBody2",8,263,10769,1320,11703,1365,2423
2023-12-11T20:01:26.452Z,"NoNose,NoBody2",8,433,11171,1304,11680,1381,2416
2023-12-11T20:01:26.548Z,"NoNose,NoBody2",8,465,11265,1295,11695,1386,2420
2023-12-11T20:01:26.644Z,"NoNose,NoBody2",8,517,11240,1311,11712,1370,2401
2023-12-11T20:01:26.749Z,"NoNose,NoBody2",8,425,11170,1301,11667,1382,2413
2023-12-11T20:01:27.081Z,"NoNose,NoBody2",8,460,11266,1322,11717,1391,2409
2023-12-11T20:01:27.083Z,"NoNose,NoBody2",8,515,11237,1343,11636,1385,2423
2023-12-11T20:01:27.084Z,"NoNose,NoBody2",8,446,11285,1310,11648,1373,2416
2023-12-11T20:01:27.302Z,"NoNose,NoBody2",8,431,11198,1300,11680,1382,2415
2023-12-11T20:01:27.304Z,"NoNose,NoBody2",8,462,11204,1320,11677,1370,2406
2023-12-11T20:01:27.351Z,"NoNose,NoBody2",8,322,11411,1298,11658,1402,2400
2023-12-11T20:01:27.454Z,"NoNose,NoBody2",8,504,11226,1296,11682,1384,2402
2023-12-11T20:01:27.558Z,"NoNose,NoBody2",8,431,11237,1307,11708,1367,2403
2023-12-11T20:01:27.656Z,"NoNose,NoBody2",8,442,11246,1315,11681,1386,2414
2023-12-11T20:01:27.744Z,"NoNose,NoBody2",8,442,11242,1300,11616,1369,2416
2023-12-11T20:01:27.846Z,"NoNose,NoBody2",8,449,11186,1306,11726,1378,2400
2023-12-11T20:01:27.940Z,"NoNose,NoBody2",8,421,11163,1301,11669,1377,2414
2023-12-11T20:01:28.140Z,"NoNose,NoBody2",8,474,11236,1316,11606,1396,2405
2023-12-11T20:01:28.144Z,"NoNose,NoBody2",8,445,11223,1311,11716,1373,2413
2023-12-11T20:01:28.243Z,"NoNose,NoBody2",8,460,11189,1319,11641,1385,2420
2023-12-11T20:01:28.343Z,"NoNose,NoBody2",8,406,11168,1333,11751,1376,12546
2023-12-11T20:01:28.447Z,"NoNose,NoBody2",8,457,11211,1324,11711,1372,12494
2023-12-11T20:01:28.542Z,"NoNose,NoBody2",8,453,11239,1315,11694,1380,12555
2023-12-11T20:01:28.655Z,"NoNose,NoBody2",8,422,11182,1305,11639,1390,12520
2023-12-11T20:01:28.747Z,"NoNose,NoBody2",8,395,11180,1316,11658,1383,12538
2023-12-11T20:01:28.848Z,"NoNose,NoBody2",8,459,11397,1310,11706,1394,12520
2023-12-11T20:01:28.955Z,"NoNose,NoBody2",8,448,11222,1281,11655,1386,12502
2023-12-11T20:01:29.184Z,"NoNose,NoBody2",8,461,11263,1305,11704,1376,12483
2023-12-11T20:01:29.186Z,"NoNose,NoBody2",8,474,11191,1336,11705,1369,12501
2023-12-11T20:01:29.251Z,"NoNose,NoBody2",8,470,11271,1345,11710,1394,12521
2023-12-11T20:01:29.349Z,"NoNose,NoBody2",8,428,11196,1292,11648,1385,12528
2023-12-11T20:01:29.449Z,"NoNose,NoBody2",8,443,11175,1306,11648,1379,12527
2023-12-11T20:01:29.550Z,"NoNose,NoBody2",8,466,11269,1309,11665,1369,12543
2023-12-11T20:01:29.648Z,"NoNose,NoBody2",8,466,11239,1326,11689,1385,12564
2023-12-11T20:01:29.745Z,"NoNose,NoBody2",8,430,11178,1311,11702,1369,12541
2023-12-11T20:01:29.854Z,"NoNose,NoBody2",8,435,11172,1327,11696,1364,12570
2023-12-11T20:01:29.961Z,"NoNose,NoBody2",8,429,11246,1302,11656,1384,12539
2023-12-11T20:01:30.187Z,"NoNose,NoBody2",8,425,11187,1290,11714,1381,12513
2023-12-11T20:01:30.189Z,"NoNose,NoBody2",8,441,11235,1329,11657,1377,12531
2023-12-11T20:01:30.243Z,"NoNose,NoBody2",8,452,11261,1320,11635,1382,12561
2023-12-11T20:01:30.345Z,"NoNose,NoBody2",8,403,11243,1287,11677,1377,12549
2023-12-11T20:01:30.447Z,"NoNose,NoBody2",8,477,11242,1323,11704,1371,12530
2023-12-11T20:01:30.549Z,"NoNose,NoBody2",8,504,11246,1319,11705,1384,12568
2023-12-11T20:01:30.660Z,"NoNose,NoBody2",8,453,11205,1299,11731,1374,12497
2023-12-11T20:01:30.745Z,"NoNose,NoBody2",8,453,11235,1293,11701,1377,12516
2023-12-11T20:01:30.862Z,"NoNose,NoBody2",8,456,11194,1317,11732,1369,12484
2023-12-11T20:01:30.940Z,"NoNose,NoBody2",8,478,11235,1321,11606,1383,12500
2023-12-11T20:01:31.136Z,"NoNose,NoBody2",8,325,11093,1321,11717,1369,12484
2023-12-11T20:01:31.140Z,"NoNose,NoBody2",8,453,11210,1303,11670,1381,12555
2023-12-11T20:01:31.246Z,"NoNose,NoBody2",8,483,11287,1324,11656,1380,12530
2023-12-11T20:01:31.356Z,"NoNose,NoBody2",8,405,11161,1275,11619,1364,12559
2023-12-11T20:01:31.447Z,"NoNose,NoBody2",8,477,11284,1321,11625,1385,12526
2023-12-11T20:01:31.548Z,"NoNose,NoBody2",8,454,11214,1321,11676,1380,12548
2023-12-11T20:01:31.651Z,"NoNose,NoBody2",8,464,11224,1313,11704,1384,12577
2023-12-11T20:01:31.738Z,"NoNose,NoBody2",8,467,11237,1331,11727,1354,12483
2023-12-11T20:01:31.837Z,"NoNose,NoBody2",8,428,11169,1297,11660,1382,12556
2023-12-11T20:01:31.949Z,"NoNose,NoBody2",8,431,11212,1299,11673,1376,12485
2023-12-11T20:01:32.215Z,"NoNose,NoBody2",8,456,11267,1304,11683,1361,12508
2023-12-11T20:01:32.225Z,"NoNose,NoBody2",8,450,11207,1310,11650,1373,12538
2023-12-11T20:01:32.255Z,"NoNose,NoBody2",8,465,11234,1309,11744,1369,12487
2023-12-11T20:01:32.345Z,"NoNose,NoBody2",8,443,11233,1312,11714,1371,12480
2023-12-11T20:01:32.450Z,"NoNose,NoBody2",8,442,11203,1319,11635,1377,12529
2023-12-11T20:01:32.554Z,"NoNose,NoBody2",8,265,10805,1311,11652,1361,12530
2023-12-11T20:01:32.657Z,"NoNose,NoBody2",8,459,11148,1328,11661,1368,12533
2023-12-11T20:01:32.745Z,"NoNose,NoBody2",8,454,11280,1322,11679,1383,12522
2023-12-11T20:01:32.852Z,"NoNose,NoBody2",8,427,11311,1297,11692,1384,12502
2023-12-11T20:01:32.951Z,"NoNose,NoBody2",8,457,11228,1314,11658,1382,12520
2023-12-11T20:01:33.152Z,"NoNose,NoBody2",8,459,11245,1309,11694,1379,12558
2023-12-11T20:01:33.154Z,"NoNose,NoBody2",8,428,11186,1299,11716,1383,12485
2023-12-11T20:01:33.243Z,"NoNose,NoBody2",8,432,11289,1322,11651,1379,12578
2023-12-11T20:01:33.361Z,"NoNose,NoBody2",8,454,11187,1301,11671,1363,12487
2023-12-11T20:01:33.454Z,"NoNose,NoBody2",8,438,11213,1298,11721,1372,12594
2023-12-11T20:01:33.557Z,"NoNose,NoBody2",8,468,11236,1320,11640,1374,12523
2023-12-11T20:01:33.658Z,"NoNose,NoBody2",8,453,11250,1320,11699,1376,12510
2023-12-11T20:01:33.742Z,"NoNose,NoBody2",8,420,10900,1285,11777,1377,12488
2023-12-11T20:01:33.848Z,"NoNose,NoBody2",8,483,11221,1319,11711,1365,12531
2023-12-11T20:01:33.952Z,"NoNose,NoBody2",8,308,11316,1318,11736,1385,6026
2023-12-11T20:01:34.155Z,"NoNose,NoBody2",8,527,11270,1331,11660,1369,2404
2023-12-11T20:01:34.160Z,"NoNose,NoBody2",8,455,11203,1302,11662,1371,2411
2023-12-11T20:01:34.239Z,"NoNose,NoBody2",8,441,11213,1305,11660,1368,2407
2023-12-11T20:01:34.362Z,"NoNose,NoBody2",8,478,11257,1344,11724,1379,2396
2023-12-11T20:01:34.447Z,"NoNose,NoBody2",8,459,11230,1305,11697,1369,2409
2023-12-11T20:01:34.544Z,"NoNose,NoBody2",8,464,11200,1318,11657,1371,2400
2023-12-11T20:01:34.655Z,"NoNose,NoBody2",8,449,11250,1323,11645,1371,2408
2023-12-11T20:01:34.738Z,"NoNose,NoBody2",8,445,11197,1314,11697,1373,2415
2023-12-11T20:01:34.850Z,"NoNose,NoBody2",8,465,11218,1315,11685,1357,2397
2023-12-11T20:01:34.983Z,"NoNose,NoBody2",8,431,11206,1297,11627,1369,2412
2023-12-11T20:01:35.203Z,"NoNose,NoBody2",8,463,11259,1300,11712,1383,2397
2023-12-11T20:01:35.204Z,"NoNose,NoBody2",8,429,11242,1281,11698,1364,2397
2023-12-11T20:01:35.240Z,"NoNose,NoBody2",8,473,11240,1302,11660,1382,2393
2023-12-11T20:01:35.337Z,"NoNose,NoBody2",8,462,11220,1302,11714,1371,2407
2023-12-11T20:01:35.449Z,"NoNose,NoBody2",8,469,11264,1316,11670,1391,2414
2023-12-11T20:01:35.559Z,"NoNose,NoBody2",8,492,11257,1300,11663,1370,2395
2023-12-11T20:01:35.649Z,"NoNose,NoBody2",8,141,10805,1317,11691,1383,2416
2023-12-11T20:01:35.749Z,"NoNose,NoBody2",8,446,11238,1340,11696,1391,2393
2023-12-11T20:01:35.849Z,"NoNose,NoBody2",8,451,11201,1311,11693,1377,2408
2023-12-11T20:01:35.956Z,"NoNose,NoBody2",8,425,11237,1311,11702,1385,2404
2023-12-11T20:01:36.150Z,"NoNose,NoBody2",8,451,11246,1285,11724,1386,2395
2023-12-11T20:01:36.152Z,"NoNose,NoBody2",8,464,11237,1313,11696,1385,2417
2023-12-11T20:01:36.246Z,"NoNose,NoBody2",8,437,11253,1287,11631,1362,2405
2023-12-11T20:01:36.352Z,"NoNose,NoBody2",8,476,11211,1293,11701,1380,2417
2023-12-11T20:01:36.447Z,"NoNose,NoBody2",8,311,10832,1296,11728,1370,2404
2023-12-11T20:01:36.539Z,"NoNose,NoBody2",8,409,11250,1299,11744,1369,2400
2023-12-11T20:01:36.655Z,"NoNose,NoBody2",8,435,11225,1300,11645,1363,2410
2023-12-11T20:01:36.747Z,"NoNose,NoBody2",8,449,11218,1301,11649,1382,2408
2023-12-11T20:01:37.053Z,"NoNose,NoBody2",8,330,10921,1306,11624,1367,2407
2023-12-11T20:01:37.055Z,"NoNose,NoBody2",8,411,11304,1324,11667,1373,2411
2023-12-11T20:01:37.059Z,"NoNose,NoBody2",8,386,11191,1292,11703,1387,2396
2023-12-11T20:01:37.290Z,"NoNose,NoBody2",8,508,11258,1309,11621,1367,2397
2023-12-11T20:01:37.292Z,"NoNose,NoBody2",8,312,11101,1305,11704,1382,2411
2023-12-11T20:01:37.353Z,"NoNose,NoBody2",8,477,11258,1329,11676,1370,2391
2023-12-11T20:01:37.446Z,"NoNose,NoBody2",8,270,11323,1294,11652,1369,2401
2023-12-11T20:01:37.557Z,"NoNose,NoBody2",8,483,11200,1295,11619,1349,2395
2023-12-11T20:01:37.646Z,"NoNose,NoBody2",8,461,11223,1290,11677,1358,2399
2023-12-11T20:01:37.740Z,"NoNose,NoBody2",8,475,11232,1315,11687,1353,2408
2023-12-11T20:01:37.842Z,"NoNose,NoBody2",8,450,11241,1294,11728,1357,2391
2023-12-11T20:01:37.960Z,"NoNose,NoBody2",8,330,11159,1332,11637,1373,2406
2023-12-11T20:01:38.163Z,"NoNose,NoBody2",8,371,11207,1292,11638,1371,2397
2023-12-11T20:01:38.165Z,"NoNose,NoBody2",8,420,11400,1304,11716,1381,2398
2023-12-11T20:01:38.240Z,"NoNose,NoBody2",8,425,11172,1310,11624,1363,2410
2023-12-11T20:01:38.341Z,"NoNose,NoBody2",8,462,11259,1317,11648,1381,2389
2023-12-11T20:01:38.449Z,"NoNose,NoBody2",8,422,11176,1312,11675,1366,2395
2023-12-11T20:01:38.540Z,"NoNose,NoBody2",8,457,11292,1329,11720,1369,2392
2023-12-11T20:01:38.647Z,"NoNose,NoBody2",8,414,11292,1278,11635,1376,2410
2023-12-11T20:01:38.736Z,"NoNose,NoBody2",8,447,11202,1287,11706,1373,2389
2023-12-11T20:01:38.842Z,"NoNose,NoBody2",8,435,11235,1310,11643,1337,2426
2023-12-11T20:01:38.959Z,"NoNose,NoBody2",8,452,11253,1302,11671,1368,2408
2023-12-11T20:01:39.168Z,"NoNose,NoBody2",8,418,11266,1302,11638,1365,2402
2023-12-11T20:01:39.169Z,"NoNose,NoBody2",8,440,11173,1307,11681,1335,2396
2023-12-11T20:01:39.245Z,"NoNose,NoBody2",8,428,11229,1284,11725,1345,12231
2023-12-11T20:01:39.344Z,"NoNose,NoBody2",8,438,11193,1274,11653,1371,12395
2023-12-11T20:01:39.456Z,"NoNose,NoBody2",8,459,11232,1301,11630,1351,12404
2023-12-11T20:01:39.537Z,"NoNose,NoBody2",8,448,10766,1309,11708,1363,12469
2023-12-11T20:01:39.648Z,"NoNose,NoBody2",8,451,11245,1317,11709,8098,12437
2023-12-11T20:01:39.746Z,"NoNose,NoBody2",8,472,11182,1310,11637,7901,12462
2023-12-11T20:01:39.844Z,"NoNose,NoBody2",8,445,11187,1294,11696,7735,12400
2023-12-11T20:01:39.944Z,"NoNose,NoBody2",8,442,11229,1324,11712,7686,12463
2023-12-11T20:01:40.142Z,"NoNose,NoBody2",8,396,11249,1318,11626,7643,12401
2023-12-11T20:01:40.146Z,"NoNose,NoBody2",8,483,11202,1325,11701,7675,12447
2023-12-11T20:01:40.245Z,"NoNose,NoBody2",8,440,11263,1301,11677,9011,12373
2023-12-11T20:01:40.339Z,"NoNose,NoBody2",8,437,11223,1321,11656,8901,12444
2023-12-11T20:01:40.441Z,"NoNose,NoBody2",8,421,11183,1290,11717,8922,12415
2023-12-11T20:01:40.548Z,"NoNose,NoBody2",8,353,11238,1257,11679,8901,12397
2023-12-11T20:01:40.662Z,"NoNose,NoBody2",8,400,11245,1327,11720,8876,12414
2023-12-11T20:01:40.742Z,"NoNose,NoBody2",8,426,11247,1326,11655,8873,12470
2023-12-11T20:01:40.838Z,"NoNose,NoBody2",8,354,11243,1300,11622,8850,12443
2023-12-11T20:01:40.938Z,"NoNose,NoBody2",8,458,11234,1294,11726,8813,12429
2023-12-11T20:01:41.137Z,"NoNose,NoBody2",8,444,11181,1316,11732,8851,12367
2023-12-11T20:01:41.141Z,"NoNose,NoBody2",8,450,11203,1320,11632,8823,12423
2023-12-11T20:01:41.237Z,"NoNose,NoBody2",8,480,11238,1305,11633,8778,12426
2023-12-11T20:01:41.342Z,"NoNose,NoBody2",8,448,11261,1293,11630,8816,12395
2023-12-11T20:01:41.463Z,"NoNose,NoBody2",8,455,11276,1308,11670,8823,12380
2023-12-11T20:01:41.556Z,"NoNose,NoBody2",8,437,11195,1315,11674,8759,12436
2023-12-11T20:01:41.639Z,"NoNose,NoBody2",8,522,11286,1336,11684,8814,12379
2023-12-11T20:01:41.752Z,"NoNose,NoBody2",8,458,11258,1318,11683,8805,12451
2023-12-11T20:01:41.844Z,"NoNose,NoBody2",8,443,11243,1289,11705,8797,12419
2023-12-11T20:01:41.953Z,"NoNose,NoBody2",8,430,11265,1308,11657,8817,12422
2023-12-11T20:01:42.155Z,"NoNose,NoBody2",8,448,11187,1305,11641,8773,12446
2023-12-11T20:01:42.157Z,"NoNose,NoBody2",8,452,11262,1337,11686,8781,12462
2023-12-11T20:01:42.241Z,"NoNose,NoBody2",8,461,11233,1307,11730,8789,12371
2023-12-11T20:01:42.345Z,"NoNose,NoBody2",8,450,11263,1309,11712,8792,12378
2023-12-11T20:01:42.438Z,"NoNose,NoBody2",8,449,11254,1292,11648,8770,12424
2023-12-11T20:01:42.556Z,"NoNose,NoBody2",8,437,11206,1332,11716,8740,12413
2023-12-11T20:01:42.643Z,"NoNose,NoBody2",8,439,11255,1323,11689,8781,12463
2023-12-11T20:01:42.739Z,"NoNose,NoBody2",8,430,11227,1305,11680,8721,12408
2023-12-11T20:01:42.853Z,"NoNose,NoBody2",8,423,11187,1292,11691,8674,12455
2023-12-11T20:01:42.941Z,"NoNose,NoBody2",8,435,11275,1316,11674,8760,12401
2023-12-11T20:01:43.149Z,"NoNose,NoBody2",8,462,11306,1302,11664,8720,12381
2023-12-11T20:01:43.159Z,"NoNose,NoBody2",8,467,11220,1290,11694,8706,12419
2023-12-11T20:01:43.244Z,"NoNose,NoBody2",8,404,11244,1289,11680,8746,12435
2023-12-11T20:01:43.345Z,"NoNose,NoBody2",8,469,11259,1294,11705,8733,12415
2023-12-11T20:01:43.448Z,"NoNose,NoBody2",8,437,11163,1306,11648,8723,12404
2023-12-11T20:01:43.545Z,"NoNose,NoBody2",8,474,11234,1300,11688,8710,12457
2023-12-11T20:01:43.645Z,"NoNose,NoBody2",8,505,11321,1317,11612,8746,12408
2023-12-11T20:01:43.743Z,"NoNose,NoBody2",8,427,11278,1315,11727,8698,12413
2023-12-11T20:01:43.841Z,"NoNose,NoBody2",8,467,11111,1316,11677,8712,12387
2023-12-11T20:01:43.947Z,"NoNose,NoBody2",8,441,11262,1329,11665,8758,12436
2023-12-11T20:01:44.200Z,"NoNose,NoBody2",8,445,11229,1321,11725,8707,12381
2023-12-11T20:01:44.202Z,"NoNose,NoBody2",8,439,11165,1295,11702,8676,12477
2023-12-11T20:01:44.244Z,"NoNose,NoBody2",8,461,11225,1315,11669,8673,12382
2023-12-11T20:01:44.343Z,"NoNose,NoBody2",8,413,11428,1308,11688,8715,12458
2023-12-11T20:01:44.452Z,"NoNose,NoBody2",8,423,11233,1288,11682,8705,12383
2023-12-11T20:01:44.538Z,"NoNose,NoBody2",8,419,11181,1341,11625,8666,12401
2023-12-11T20:01:44.645Z,"NoNose,NoBody2",8,293,11225,1317,11709,8705,12388
2023-12-11T20:01:44.744Z,"NoNose,NoBody2",8,440,11237,1333,11677,8698,12422
2023-12-11T20:01:44.840Z,"NoNose,NoBody2",8,457,11207,1313,11666,8727,12371
2023-12-11T20:01:44.949Z,"NoNose,NoBody2",8,441,11251,1291,11698,8660,12445
2023-12-11T20:01:45.171Z,"NoNose,NoBody2",8,446,11263,1322,11687,8707,12454
2023-12-11T20:01:45.172Z,"NoNose,NoBody2",8,456,11222,1321,11640,8670,12422
2023-12-11T20:01:45.250Z,"NoNose,NoBody2",8,451,11260,1347,11713,8699,9856
2023-12-11T20:01:45.341Z,"NoNose,NoBody2",8,418,11231,1309,11621,8696,2398
2023-12-11T20:01:45.455Z,"NoNose,NoBody2",8,437,11219,1323,11719,8535,2389
2023-12-11T20:01:45.539Z,"NoNose,NoBody2",8,429,11174,1285,11707,8307,2388
2023-12-11T20:01:45.652Z,"NoNose,NoBody2",8,458,11202,1334,11613,1369,2407
2023-12-11T20:01:45.748Z,"NoNose,NoBody2",8,446,11198,1282,11659,1379,2402
2023-12-11T20:01:45.844Z,"NoNose,NoBody2",8,412,11209,1277,11689,1358,2401
2023-12-11T20:01:45.952Z,"NoNose,NoBody2",8,465,11231,1304,11655,1380,2396
2023-12-11T20:01:46.159Z,"NoNose,NoBody2",8,459,11243,1286,11669,1381,2402
2023-12-11T20:01:46.161Z,"NoNose,NoBody2",8,421,11236,1336,11652,1370,2408
2023-12-11T20:01:46.244Z,"NoNose,NoBody2",8,438,11207,1293,11696,1366,2398
2023-12-11T20:01:46.347Z,"NoNose,NoBody2",8,459,11231,1306,11704,1378,2402
2023-12-11T20:01:46.445Z,"NoNose,NoBody2",8,447,11219,1293,11698,1363,2396
2023-12-11T20:01:46.541Z,"NoNose,NoBody2",8,395,11188,1287,11687,1386,2402
2023-12-11T20:01:46.645Z,"NoNose,NoBody2",8,459,11227,1319,11675,1358,2397
2023-12-11T20:01:46.753Z,"NoNose,NoBody2",8,435,11231,1308,11624,1389,2412
2023-12-11T20:01:47.034Z,"NoNose,NoBody2",8,462,11216,1319,11658,1369,2394
2023-12-11T20:01:47.036Z,"NoNose,NoBody2",8,450,11168,1317,11710,1379,2394
2023-12-11T20:01:47.040Z,"NoNose,NoBody2",8,481,11192,1310,11663,1368,2407
2023-12-11T20:01:47.228Z,"NoNose,NoBody2",8,443,11262,1296,11701,1379,2408
2023-12-11T20:01:47.252Z,"NoNose,NoBody2",8,480,11293,1336,11680,1387,2402
2023-12-11T20:01:47.379Z,"NoNose,NoBody2",8,472,11158,1275,11655,1366,2394
2023-12-11T20:01:47.466Z,"NoNose,NoBody2",8,518,11199,1327,11721,1379,2389
2023-12-11T20:01:47.551Z,"NoNose,NoBody2",8,435,11246,1305,11674,1317,2394
2023-12-11T20:01:47.665Z,"NoNose,NoBody2",8,434,11192,1334,11649,1347,2397
2023-12-11T20:01:47.753Z,"NoNose,NoBody2",8,396,11205,1284,11654,1364,2398
2023-12-11T20:01:47.848Z,"NoNose,NoBody2",8,458,11267,1304,11661,1374,2406
2023-12-11T20:01:47.940Z,"NoNose,NoBody2",8,456,11228,1289,11659,1370,2393
2023-12-11T20:01:48.252Z,"NoNose,NoBody2",8,447,11196,1308,11645,1365,2401
2023-12-11T20:01:48.254Z,"NoNose,NoBody2",8,440,11170,1299,11676,1366,2413
2023-12-11T20:01:48.256Z,"NoNose,NoBody2",8,444,11267,1313,11664,1373,2410
2023-12-11T20:01:48.352Z,"NoNose,NoBody2",8,440,11253,1317,11656,1339,2410
2023-12-11T20:01:48.439Z,"NoNose,NoBody2",8,365,10899,1314,11702,1384,2409
2023-12-11T20:01:48.548Z,"NoNose,NoBody2",8,437,11200,1312,11713,1326,2410
2023-12-11T20:01:48.649Z,"NoNose,NoBody2",8,493,11279,1308,11680,1367,2399
2023-12-11T20:01:48.747Z,"NoNose,NoBody2",8,516,11216,1310,11663,1374,2405
2023-12-11T20:01:48.848Z,"NoNose,NoBody2",8,439,11209,1310,11689,1357,2416
2023-12-11T20:01:48.942Z,"NoNose,NoBody2",8,454,11223,1295,11702,1373,2400
2023-12-11T20:01:49.149Z,"NoNose,NoBody2",8,462,11239,1314,11690,1377,2387
2023-12-11T20:01:49.150Z,"NoNose,NoBody2",8,440,11210,1300,11723,1354,2388
2023-12-11T20:01:49.245Z,"NoNose,NoBody2",8,250,10882,1305,11631,1365,2403
2023-12-11T20:01:49.344Z,"NoNose,NoBody2",8,449,11247,1321,11673,1369,2388
2023-12-11T20:01:49.445Z,"NoNose,NoBody2",8,462,11253,1292,11630,1356,2400
2023-12-11T20:01:49.547Z,"NoNose,NoBody2",8,445,11207,1290,11636,1371,2410
2023-12-11T20:01:49.652Z,"NoNose,NoBody2",8,467,11256,1318,11679,1377,2445
2023-12-11T20:01:49.744Z,"NoNose,NoBody2",8,455,11181,1303,11683,1369,2406
2023-12-11T20:01:49.837Z,"NoNose,NoBody2",8,366,11395,1287,11666,1368,2397
2023-12-11T20:01:49.942Z,"NoNose,NoBody2",8,461,11248,1307,11697,1362,2410
2023-12-11T20:01:50.172Z,"NoNose,NoBody2",8,431,11171,1282,11679,1357,2402
2023-12-11T20:01:50.174Z,"NoNose,NoBody2",8,452,11191,1343,11668,1351,2393
2023-12-11T20:01:50.238Z,"NoNose,NoBody2",8,453,11238,1297,11669,1357,2393
