time,Description,cycle_state,I_R01_Gripper_Load,I_R01_Gripper_Pot,I_R02_Gripper_Load,I_R02_Gripper_Pot,I_R03_Gripper_Load,I_R03_Gripper_Pot
2023-12-11T19:59:56.545Z,"NoNose,NoBody2",1,281,11239,1321,11718,1395,2424
2023-12-11T19:59:56.637Z,"NoNose,NoBody2",1,461,11197,1317,11668,1364,2399
2023-12-11T19:59:56.755Z,"NoNose,NoBody2",1,437,11188,1310,11717,1359,2391
2023-12-11T19:59:57.014Z,"NoNose,NoBody2",1,405,11219,1300,11664,1375,2397
2023-12-11T19:59:57.015Z,"NoNose,NoBody2",1,429,11167,1305,11644,1376,2399
2023-12-11T19:59:57.212Z,"NoNose,NoBody2",1,481,11251,1334,11727,1379,2402
2023-12-11T19:59:57.213Z,"NoNose,NoBody2",1,480,11229,1311,11702,1375,2402
2023-12-11T19:59:57.240Z,"NoNose,NoBody2",1,443,11205,1332,11681,1363,2387
2023-12-11T19:59:57.343Z,"NoNose,NoBody2",1,458,11233,1313,11695,1358,2388
2023-12-11T19:59:57.454Z,"NoNose,NoBody2",1,438,11297,1297,11706,1355,2385
2023-12-11T19:59:57.549Z,"NoNose,NoBody2",1,423,11163,1306,11638,1374,2396
2023-12-11T19:59:57.660Z,"NoNose,NoBody2",1,456,11244,1313,11708,1358,2388
2023-12-11T19:59:57.753Z,"NoNose,NoBody2",1,460,11221,1280,11688,1386,2415
2023-12-11T19:59:57.858Z,"NoNose,NoBody2",1,436,11291,1331,11718,1378,2403
2023-12-11T19:59:57.957Z,"NoNose,NoBody2",1,465,11213,1310,11674,1380,2399
2023-12-11T19:59:58.198Z,"NoNose,NoBody2",1,445,11257,1308,11730,1380,2404
2023-12-11T19:59:58.199Z,"NoNose,NoBody2",1,484,11260,1304,11742,1357,2386
2023-12-11T19:59:58.251Z,"NoNose,NoBody2",1,397,11228,1285,11709,1370,2408
2023-12-11T19:59:58.343Z,"NoNose,NoBody2",1,444,11254,1327,11725,1379,2410
2023-12-11T19:59:58.444Z,"NoNose,NoBody2",1,416,11264,1317,11736,1367,2393
2023-12-11T19:59:58.547Z,"NoNose,NoBody2",1,454,11215,1303,11686,1373,2394
2023-12-11T19:59:58.636Z,"NoNose,NoBody2",1,471,11280,1303,11744,1387,2400
2023-12-11T19:59:58.742Z,"NoNose,NoBody2",1,439,11262,1301,11738,1339,2380
2023-12-11T19:59:58.873Z,"NoNose,NoBody2",1,443,11243,1314,11718,1384,2412
2023-12-11T19:59:58.962Z,"NoNose,NoBody2",1,370,11460,1294,11701,1373,2408
2023-12-11T19:59:59.223Z,"NoNose,NoBody2",1,482,11283,1327,11759,1361,2389
2023-12-11T19:59:59.225Z,"NoNose,NoBody2",1,451,11176,1318,11651,1384,2411
2023-12-11T19:59:59.238Z,"NoNose,NoBody2",1,435,11183,1305,11659,1380,2405
2023-12-11T19:59:59.349Z,"NoNose,NoBody2",1,456,11194,1313,11676,1363,2401
2023-12-11T19:59:59.460Z,"NoNose,NoBody2",1,447,11245,1286,11707,1365,2408
2023-12-11T19:59:59.551Z,"NoNose,NoBody2",1,462,11195,1297,11663,1363,2393
2023-12-11T19:59:59.645Z,"NoNose,NoBody2",1,440,11254,1314,11729,1375,2409
2023-12-11T19:59:59.753Z,"NoNose,NoBody2",1,462,11242,1314,11704,1365,2399
2023-12-11T19:59:59.845Z,"NoNose,NoBody2",1,602,11182,1326,11680,1372,2402
2023-12-11T19:59:59.958Z,"NoNose,NoBody2",1,435,11110,1306,11684,1374,2399
2023-12-11T20:00:00.151Z,"NoNose,NoBody2",1,458,11203,1299,11676,1356,2393
2023-12-11T20:00:00.153Z,"NoNose,NoBody2",1,470,11174,1317,11648,1366,2392
2023-12-11T20:00:00.246Z,"NoNose,NoBody2",1,423,11184,1303,11661,1354,2378
2023-12-11T20:00:00.339Z,"NoNose,NoBody2",1,429,11204,1296,11673,1382,2401
2023-12-11T20:00:00.442Z,"NoNose,NoBody2",1,472,11397,1309,11667,1363,2398
2023-12-11T20:00:00.545Z,"NoNose,NoBody2",1,424,11203,1298,11689,1364,2393
2023-12-11T20:00:00.645Z,"NoNose,NoBody2",1,529,11288,1314,11753,1354,2390
2023-12-11T20:00:00.739Z,"NoNose,NoBody2",1,468,11241,1309,11743,1380,2411
2023-12-11T20:00:00.836Z,"NoNose,NoBody2",1,447,11250,1310,11723,1353,2394
2023-12-11T20:00:00.947Z,"NoNose,NoBody2",1,454,11185,1309,11672,1387,2414
2023-12-11T20:00:01.177Z,"NoNose,NoBody2",1,460,11220,1313,11694,1362,2395
2023-12-11T20:00:01.178Z,"NoNose,NoBody2",1,487,11251,1320,11718,1361,2394
2023-12-11T20:00:01.251Z,"NoNose,NoBody2",1,441,11255,1298,11727,1376,2401
2023-12-11T20:00:01.347Z,"NoNose,NoBody2",1,447,11241,1302,11708,1375,2395
2023-12-11T20:00:01.442Z,"NoNose,NoBody2",1,481,11234,1337,11706,1375,2390
2023-12-11T20:00:01.536Z,"NoNose,NoBody2",1,439,10814,1298,11673,1371,2406
2023-12-11T20:00:01.661Z,"NoNose,NoBody2",1,467,5261,1329,11724,1368,2395
2023-12-11T20:00:01.743Z,"NoNose,NoBody2",1,430,5236,1311,11656,1381,2400
2023-12-11T20:00:01.849Z,"NoNose,NoBody2",1,474,5261,1307,11689,1360,2395
2023-12-11T20:00:01.952Z,"NoNose,NoBody2",1,278,5199,1289,11635,1373,2406
2023-12-11T20:00:02.158Z,"NoNose,NoBody2",1,442,5246,1294,11656,1395,2404
2023-12-11T20:00:02.160Z,"NoNose,NoBody2",1,452,5288,1318,11741,1379,2406
2023-12-11T20:00:02.251Z,"NoNose,NoBody2",1,246,4913,1332,11739,1362,2398
2023-12-11T20:00:02.354Z,"NoNose,NoBody2",1,457,5240,1302,11669,1376,2407
2023-12-11T20:00:02.442Z,"NoNose,NoBody2",1,474,5281,1337,11735,1396,2409
2023-12-11T20:00:02.553Z,"NoNose,NoBody2",1,469,5265,1314,11711,1389,2412
2023-12-11T20:00:02.651Z,"NoNose,NoBody2",1,445,5237,1294,11671,1356,2393
2023-12-11T20:00:02.746Z,"NoNose,NoBody2",1,501,5270,1342,11702,1370,2399
2023-12-11T20:00:02.840Z,"NoNose,NoBody2",1,471,5266,1317,11686,1362,2398
2023-12-11T20:00:02.938Z,"NoNose,NoBody2",1,458,5233,1318,11661,1367,2400
2023-12-11T20:00:03.156Z,"NoNose,NoBody2",1,456,5287,1327,11749,1352,2387
2023-12-11T20:00:03.158Z,"NoNose,NoBody2",1,450,5393,1303,11743,1367,2389
2023-12-11T20:00:03.316Z,"NoNose,NoBody2",1,459,5269,1317,11712,1378,2400
2023-12-11T20:00:03.362Z,"NoNose,NoBody2",1,454,5274,1314,11732,1360,2394
2023-12-11T20:00:03.437Z,"NoNose,NoBody2",1,179,5131,1332,11655,1362,2399
2023-12-11T20:00:03.536Z,"NoNose,NoBody2",1,409,5221,1288,11635,1366,2391
2023-12-11T20:00:03.650Z,"NoNose,NoBody2",1,474,5253,1316,11745,1368,2393
2023-12-11T20:00:03.744Z,"NoNose,NoBody2",1,445,5262,1302,11677,1379,2403
2023-12-11T20:00:03.845Z,"NoNose,NoBody2",1,495,5196,1329,11746,1374,2401
2023-12-11T20:00:03.959Z,"NoNose,NoBody2",1,464,5263,1323,11714,1375,2395
2023-12-11T20:00:04.241Z,"NoNose,NoBody2",1,363,5359,1327,11674,1364,2403
2023-12-11T20:00:04.243Z,"NoNose,NoBody2",1,467,5268,1331,11732,1372,2394
2023-12-11T20:00:04.247Z,"NoNose,NoBody2",1,473,5264,1319,11691,1378,2402
2023-12-11T20:00:04.346Z,"NoNose,NoBody2",1,411,5691,1315,11714,1379,2393
2023-12-11T20:00:04.456Z,"NoNose,NoBody2",1,451,5308,1305,11696,1384,2403
2023-12-11T20:00:04.557Z,"NoNose,NoBody2",1,484,5281,1300,11708,1380,2406
2023-12-11T20:00:04.646Z,"NoNose,NoBody2",1,450,5201,1283,11638,1365,2402
2023-12-11T20:00:04.752Z,"NoNose,NoBody2",1,447,5263,1301,11716,1360,2396
2023-12-11T20:00:04.850Z,"NoNose,NoBody2",2,520,5335,1337,11734,1364,2393
2023-12-11T20:00:04.945Z,"NoNose,NoBody2",2,446,5240,1283,11691,1373,2404
2023-12-11T20:00:05.189Z,"NoNose,NoBody2",2,455,5227,1307,11645,1367,2395
2023-12-11T20:00:05.190Z,"NoNose,NoBody2",2,478,5276,1319,11733,1357,2391
2023-12-11T20:00:05.244Z,"NoNose,NoBody2",2,326,5313,1317,11730,1379,2418
2023-12-11T20:00:05.339Z,"NoNose,NoBody2",2,466,5264,1318,11717,1378,2409
2023-12-11T20:00:05.452Z,"NoNose,NoBody2",2,462,5245,1322,11669,1380,2411
2023-12-11T20:00:05.542Z,"NoNose,NoBody2",2,466,5264,1317,11735,1359,2393
2023-12-11T20:00:05.638Z,"NoNose,NoBody2",2,456,5277,1314,11738,1380,2401
2023-12-11T20:00:05.736Z,"NoNose,NoBody2",2,407,4927,1333,11711,1367,2405
2023-12-11T20:00:05.834Z,"NoNose,NoBody2",2,435,5250,1314,11651,1365,2392
2023-12-11T20:00:05.936Z,"NoNose,NoBody2",2,479,5295,1331,11756,1360,2387
2023-12-11T20:00:06.170Z,"NoNose,NoBody2",2,468,5265,1309,11686,1376,2401
2023-12-11T20:00:06.172Z,"NoNose,NoBody2",2,420,5070,1326,11666,1387,2411
2023-12-11T20:00:06.244Z,"NoNose,NoBody2",2,445,5247,1296,11689,1374,2396
2023-12-11T20:00:06.345Z,"NoNose,NoBody2",2,436,5243,1322,11699,1381,2406
2023-12-11T20:00:06.442Z,"NoNose,NoBody2",2,353,5112,1301,11682,1387,2408
2023-12-11T20:00:06.555Z,"NoNose,NoBody2",2,524,5222,1317,11724,1376,2404
2023-12-11T20:00:06.646Z,"NoNose,NoBody2",2,472,5289,1319,11732,1374,2397
2023-12-11T20:00:06.747Z,"NoNose,NoBody2",2,458,5233,1316,11671,1385,2403
2023-12-11T20:00:07.026Z,"NoNose,NoBody2",2,400,5104,1310,11645,1363,2401
2023-12-11T20:00:07.027Z,"NoNose,NoBody2",2,466,5236,1317,11679,1381,2406
2023-12-11T20:00:07.243Z,"NoNose,NoBody2",2,435,5517,1326,11729,1355,2386
2023-12-11T20:00:07.245Z,"NoNose,NoBody2",2,422,5218,1289,11648,1361,2397
2023-12-11T20:00:07.249Z,"NoNose,NoBody2",2,345,4850,1296,11662,1372,2399
2023-12-11T20:00:07.337Z,"NoNose,NoBody2",2,458,5221,1314,11646,1370,2405
2023-12-11T20:00:07.437Z,"NoNose,NoBody2",2,402,5611,1331,11689,1374,2404
2023-12-11T20:00:07.538Z,"NoNose,NoBody2",2,463,5216,1330,11742,1382,2398
2023-12-11T20:00:07.644Z,"NoNose,NoBody2",2,443,5228,1313,11658,1374,2399
2023-12-11T20:00:07.743Z,"NoNose,NoBody2",2,445,5226,1307,11653,1381,2399
2023-12-11T20:00:07.844Z,"NoNose,NoBody2",2,433,5227,1312,11650,1362,2395
2023-12-11T20:00:07.953Z,"NoNose,NoBody2",2,441,5231,1304,11648,1364,2401
2023-12-11T20:00:08.159Z,"NoNose,NoBody2",2,408,4768,1291,11646,1376,2406
2023-12-11T20:00:08.161Z,"NoNose,NoBody2",2,449,5244,1303,11676,1384,2410
2023-12-11T20:00:08.239Z,"NoNose,NoBody2",2,467,5227,1304,11641,1355,2389
2023-12-11T20:00:08.352Z,"NoNose,NoBody2",2,430,5222,1300,11672,1360,2398
2023-12-11T20:00:08.451Z,"NoNose,NoBody2",2,510,5307,1307,11764,1353,2393
2023-12-11T20:00:08.544Z,"NoNose,NoBody2",2,483,5200,1276,11631,1363,2396
2023-12-11T20:00:08.642Z,"NoNose,NoBody2",2,421,5198,1296,11633,1368,2396
2023-12-11T20:00:08.751Z,"NoNose,NoBody2",2,477,5272,1317,11739,1373,2403
2023-12-11T20:00:08.856Z,"NoNose,NoBody2",2,467,5242,1313,11702,1381,2413
2023-12-11T20:00:08.953Z,"NoNose,NoBody2",2,465,5251,1332,11697,1379,2404
2023-12-11T20:00:09.172Z,"NoNose,NoBody2",2,489,5287,1300,11691,1366,2391
2023-12-11T20:00:09.173Z,"NoNose,NoBody2",2,456,5253,1321,11746,1374,2402
2023-12-11T20:00:09.250Z,"NoNose,NoBody2",2,470,5251,1322,11708,1390,2415
2023-12-11T20:00:09.358Z,"NoNose,NoBody2",2,452,5234,1293,11658,1353,2390
2023-12-11T20:00:09.455Z,"NoNose,NoBody2",2,345,6807,1286,11636,1361,2396
2023-12-11T20:00:09.540Z,"NoNose,NoBody2",2,443,11190,1317,11642,1368,2403
2023-12-11T20:00:09.638Z,"NoNose,NoBody2",2,307,11108,1293,11646,1380,2407
2023-12-11T20:00:09.743Z,"NoNose,NoBody2",2,461,11287,1327,11731,1363,2398
2023-12-11T20:00:09.837Z,"NoNose,NoBody2",2,449,11209,1304,11659,1394,2420
2023-12-11T20:00:09.942Z,"NoNose,NoBody2",2,448,11237,1336,11690,1368,2388
2023-12-11T20:00:10.177Z,"NoNose,NoBody2",2,485,11277,1322,11748,1369,2390
2023-12-11T20:00:10.179Z,"NoNose,NoBody2",2,467,11260,1320,11729,1368,2399
2023-12-11T20:00:10.255Z,"NoNose,NoBody2",2,440,11202,1316,11675,1354,2392
2023-12-11T20:00:10.339Z,"NoNose,NoBody2",2,213,10921,1307,11669,1388,2406
2023-12-11T20:00:10.452Z,"NoNose,NoBody2",2,442,11234,1305,11707,1368,2408
2023-12-11T20:00:10.542Z,"NoNose,NoBody2",2,386,11551,1307,11692,1356,2405
2023-12-11T20:00:10.645Z,"NoNose,NoBody2",2,454,11255,1307,11725,1363,2395
2023-12-11T20:00:10.754Z,"NoNose,NoBody2",2,282,10757,1311,11646,1375,2397
2023-12-11T20:00:10.846Z,"NoNose,NoBody2",2,450,11239,1309,11738,1371,2391
2023-12-11T20:00:10.946Z,"NoNose,NoBody2",2,458,11248,1311,11723,1370,2387
2023-12-11T20:00:11.150Z,"NoNose,NoBody2",2,440,11241,1313,11709,1373,2395
2023-12-11T20:00:11.151Z,"NoNose,NoBody2",2,491,11289,1299,11747,1373,2391
2023-12-11T20:00:11.238Z,"NoNose,NoBody2",2,437,11250,1316,11728,1382,2411
2023-12-11T20:00:11.336Z,"NoNose,NoBody2",2,396,11622,1318,11703,1366,2404
2023-12-11T20:00:11.455Z,"NoNose,NoBody2",2,427,11186,1325,11665,1372,2402
2023-12-11T20:00:11.552Z,"NoNose,NoBody2",2,465,11221,1333,11691,1362,2397
2023-12-11T20:00:11.648Z,"NoNose,NoBody2",2,395,11192,1299,11656,1377,2402
2023-12-11T20:00:11.748Z,"NoNose,NoBody2",2,424,11172,1292,11643,1382,2400
2023-12-11T20:00:11.852Z,"NoNose,NoBody2",2,155,11238,1312,11749,1364,2395
2023-12-11T20:00:11.936Z,"NoNose,NoBody2",2,450,11259,1317,11731,1356,2387
2023-12-11T20:00:12.180Z,"NoNose,NoBody2",2,456,11235,1312,11720,1368,2397
2023-12-11T20:00:12.182Z,"NoNose,NoBody2",2,218,11383,1318,11708,1360,2392
2023-12-11T20:00:12.234Z,"NoNose,NoBody2",3,468,11282,1301,11744,1360,2390
2023-12-11T20:00:12.346Z,"NoNose,NoBody2",3,443,11237,1317,11709,1380,2411
2023-12-11T20:00:12.438Z,"NoNose,NoBody2",3,478,11294,1322,11764,1358,2391
2023-12-11T20:00:12.556Z,"NoNose,NoBody2",3,433,11181,1286,11645,1373,2391
2023-12-11T20:00:12.642Z,"NoNose,NoBody2",3,455,11255,1295,11674,1374,2398
2023-12-11T20:00:12.748Z,"NoNose,NoBody2",3,489,11275,1308,11742,1355,2385
2023-12-11T20:00:12.844Z,"NoNose,NoBody2",3,317,11243,1311,11704,1367,2400
2023-12-11T20:00:12.948Z,"NoNose,NoBody2",3,424,11225,1297,11690,1361,2403
2023-12-11T20:00:13.143Z,"NoNose,NoBody2",3,447,11259,1310,11677,1358,2407
2023-12-11T20:00:13.144Z,"NoNose,NoBody2",3,489,11178,1299,11695,1363,2393
2023-12-11T20:00:13.239Z,"NoNose,NoBody2",3,426,11218,1296,11686,1369,2399
2023-12-11T20:00:13.349Z,"NoNose,NoBody2",3,448,11216,1308,11685,1353,2384
2023-12-11T20:00:13.448Z,"NoNose,NoBody2",3,448,11253,1302,11725,1365,2408
2023-12-11T20:00:13.557Z,"NoNose,NoBody2",3,477,11215,1324,11683,1379,2406
2023-12-11T20:00:13.643Z,"NoNose,NoBody2",3,441,11237,1316,11703,1389,2393
2023-12-11T20:00:13.753Z,"NoNose,NoBody2",4,447,11265,1295,11741,1355,2399
2023-12-11T20:00:13.848Z,"NoNose,NoBody2",4,451,11270,1309,11738,1346,2383
2023-12-11T20:00:13.941Z,"NoNose,NoBody2",4,405,11190,1308,11692,1354,2407
2023-12-11T20:00:14.173Z,"NoNose,NoBody2",4,450,11249,1307,11718,1385,2408
2023-12-11T20:00:14.174Z,"NoNose,NoBody2",4,361,11203,1321,11676,1361,2392
2023-12-11T20:00:14.249Z,"NoNose,NoBody2",4,462,11256,1332,11731,1365,2400
2023-12-11T20:00:14.337Z,"NoNose,NoBody2",4,386,11150,1320,11652,1371,2391
2023-12-11T20:00:14.458Z,"NoNose,NoBody2",4,343,11247,1287,11717,1357,2390
2023-12-11T20:00:14.554Z,"NoNose,NoBody2",4,370,11197,1362,11663,1353,2395
2023-12-11T20:00:14.640Z,"NoNose,NoBody2",4,502,11309,1309,11773,1378,2391
2023-12-11T20:00:14.743Z,"NoNose,NoBody2",4,288,11225,1303,11704,1384,2406
2023-12-11T20:00:14.849Z,"NoNose,NoBody2",4,430,11192,1296,11671,1367,2399
2023-12-11T20:00:14.946Z,"NoNose,NoBody2",4,426,11259,1338,11728,1364,2394
2023-12-11T20:00:15.181Z,"NoNose,NoBody2",4,240,11264,1287,11739,1353,2390
2023-12-11T20:00:15.182Z,"NoNose,NoBody2",4,424,11256,1289,11723,1365,2403
2023-12-11T20:00:15.247Z,"NoNose,NoBody2",4,427,11238,1299,11712,1327,2385
2023-12-11T20:00:15.357Z,"NoNose,NoBody2",4,440,11251,1318,11713,1357,2385
2023-12-11T20:00:15.448Z,"NoNose,NoBody2",4,455,11208,1317,11673,1370,2393
2023-12-11T20:00:15.549Z,"NoNose,NoBody2",4,344,11249,1288,11717,1373,2389
2023-12-11T20:00:15.646Z,"NoNose,NoBody2",4,446,11191,1305,11655,1373,2396
2023-12-11T20:00:15.741Z,"NoNose,NoBody2",4,346,11187,1306,11661,1344,2397
2023-12-11T20:00:15.846Z,"NoNose,NoBody2",4,410,11229,1276,11700,1340,2392
2023-12-11T20:00:15.944Z,"NoNose,NoBody2",4,447,11223,1349,11703,1385,2397
2023-12-11T20:00:16.133Z,"NoNose,NoBody2",4,361,11207,1310,11681,1344,2392
2023-12-11T20:00:16.139Z,"NoNose,NoBody2",4,344,11177,1341,11657,1357,2398
2023-12-11T20:00:16.244Z,"NoNose,NoBody2",4,358,11188,1311,11701,1367,2404
2023-12-11T20:00:16.337Z,"NoNose,NoBody2",4,435,11394,1307,11702,1356,2392
2023-12-11T20:00:16.449Z,"NoNose,NoBody2",4,441,11243,1313,11719,1361,2399
2023-12-11T20:00:16.540Z,"NoNose,NoBody2",4,423,11256,1310,11726,1391,2410
2023-12-11T20:00:16.640Z,"NoNose,NoBody2",4,342,11118,1337,11656,1407,2410
2023-12-11T20:00:16.755Z,"NoNose,NoBody2",4,482,11299,1321,11765,1366,2387
2023-12-11T20:00:17.045Z,"NoNose,NoBody2",4,483,11182,1331,11641,1370,2388
2023-12-11T20:00:17.046Z,"NoNose,NoBody2",4,464,11254,1302,11723,1377,2413
2023-12-11T20:00:17.288Z,"NoNose,NoBody2",4,462,11223,1300,11681,1343,2393
2023-12-11T20:00:17.289Z,"NoNose,NoBody2",4,504,11204,1315,11665,1378,2406
2023-12-11T20:00:17.291Z,"NoNose,NoBody2",4,333,11207,1267,11743,1367,2402
2023-12-11T20:00:17.347Z,"NoNose,NoBody2",4,384,10901,1322,11683,1346,2393
2023-12-11T20:00:17.460Z,"NoNose,NoBody2",4,432,11228,1292,11692,1361,2391
2023-12-11T20:00:17.552Z,"NoNose,NoBody2",4,341,11242,1295,11717,1379,2399
2023-12-11T20:00:17.656Z,"NoNose,NoBody2",4,487,11272,1314,11742,1376,2404
2023-12-11T20:00:17.748Z,"NoNose,NoBody2",4,437,11235,1323,11716,1357,2404
2023-12-11T20:00:17.867Z,"NoNose,NoBody2",4,492,11233,1293,11704,1363,2410
2023-12-11T20:00:17.959Z,"NoNose,NoBody2",4,430,11224,1297,11703,1370,2406
2023-12-11T20:00:18.176Z,"NoNose,NoBody2",4,459,11186,1275,11651,1369,2395
2023-12-11T20:00:18.178Z,"NoNose,NoBody2",4,460,11180,1311,11657,1380,2410
2023-12-11T20:00:18.252Z,"NoNose,NoBody2",4,496,11263,1306,11733,1365,2393
2023-12-11T20:00:18.347Z,"NoNose,NoBody2",4,362,11233,1320,11700,1360,2390
2023-12-11T20:00:18.445Z,"NoNose,NoBody2",4,530,11233,1286,11704,1363,2393
2023-12-11T20:00:18.547Z,"NoNose,NoBody2",4,479,11251,1311,11715,1358,2395
2023-12-11T20:00:18.639Z,"NoNose,NoBody2",4,488,11256,1321,11732,1369,2392
2023-12-11T20:00:18.747Z,"NoNose,NoBody2",4,365,11321,1310,11694,1370,2401
2023-12-11T20:00:18.856Z,"NoNose,NoBody2",4,395,11214,1303,11686,1380,2409
2023-12-11T20:00:18.949Z,"NoNose,NoBody2",4,107,11088,1239,11649,1379,2399
2023-12-11T20:00:19.146Z,"NoNose,NoBody2",4,457,11314,1316,11773,1382,2407
2023-12-11T20:00:19.148Z,"NoNose,NoBody2",4,459,11214,1307,11689,1375,2408
2023-12-11T20:00:19.248Z,"NoNose,NoBody2",4,423,11187,1283,11650,1365,2397
2023-12-11T20:00:19.339Z,"NoNose,NoBody2",4,378,11209,1315,11755,1379,2397
2023-12-11T20:00:19.461Z,"NoNose,NoBody2",4,479,11258,1322,11681,1362,2400
2023-12-11T20:00:19.568Z,"NoNose,NoBody2",4,507,11225,1280,11691,1374,2401
2023-12-11T20:00:19.641Z,"NoNose,NoBody2",4,436,11195,1283,11666,1366,2387
2023-12-11T20:00:19.746Z,"NoNose,NoBody2",4,423,11201,1323,11748,1364,2397
2023-12-11T20:00:19.848Z,"NoNose,NoBody2",4,382,11206,1310,11679,1362,2400
2023-12-11T20:00:19.937Z,"NoNose,NoBody2",4,482,11209,1320,11678,1359,2402
2023-12-11T20:00:20.136Z,"NoNose,NoBody2",4,510,11259,1342,11739,1343,2392
2023-12-11T20:00:20.156Z,"NoNose,NoBody2",4,415,11208,1310,11731,1353,2386
2023-12-11T20:00:20.249Z,"NoNose,NoBody2",4,435,11198,1316,11688,1375,2387
2023-12-11T20:00:20.358Z,"NoNose,NoBody2",4,451,11232,1303,11710,1376,2401
2023-12-11T20:00:20.451Z,"NoNose,NoBody2",4,442,11232,1315,11686,1393,2422
2023-12-11T20:00:20.562Z,"NoNose,NoBody2",4,467,11274,1314,11700,1360,2384
2023-12-11T20:00:20.652Z,"NoNose,NoBody2",4,431,11226,1297,11715,1360,2402
2023-12-11T20:00:20.749Z,"NoNose,NoBody2",4,433,11242,1340,11687,1399,2402
2023-12-11T20:00:20.868Z,"NoNose,NoBody2",4,226,10878,1287,11687,1365,2399
2023-12-11T20:00:20.953Z,"NoNose,NoBody2",4,467,11212,1332,11676,1359,2385
2023-12-11T20:00:21.199Z,"NoNose,NoBody2",4,414,11193,1314,11658,1374,2401
2023-12-11T20:00:21.201Z,"NoNose,NoBody2",4,466,11221,1303,11708,1398,2419
2023-12-11T20:00:21.237Z,"NoNose,NoBody2",4,461,11243,1302,11707,1363,2391
2023-12-11T20:00:21.345Z,"NoNose,NoBody2",4,584,11259,1308,11703,1364,2409
2023-12-11T20:00:21.450Z,"NoNose,NoBody2",4,490,11272,1295,11755,1366,2391
2023-12-11T20:00:21.547Z,"NoNose,NoBody2",4,485,11210,1307,11658,1370,2399
2023-12-11T20:00:21.650Z,"NoNose,NoBody2",4,419,11289,1304,11730,1383,2401
2023-12-11T20:00:21.743Z,"NoNose,NoBody2",4,420,11213,1346,11683,1357,2390
2023-12-11T20:00:21.845Z,"NoNose,NoBody2",4,403,11191,1313,11664,1372,2410
2023-12-11T20:00:21.961Z,"NoNose,NoBody2",4,447,11288,1347,11742,1373,2403
2023-12-11T20:00:22.155Z,"NoNose,NoBody2",4,437,11250,1311,11700,1361,2395
2023-12-11T20:00:22.156Z,"NoNose,NoBody2",4,478,11279,1290,11733,1369,2402
2023-12-11T20:00:22.250Z,"NoNose,NoBody2",4,359,11265,1316,11733,1377,2402
2023-12-11T20:00:22.339Z,"NoNose,NoBody2",4,461,11237,1296,11705,1376,2408
2023-12-11T20:00:22.459Z,"NoNose,NoBody2",4,455,11244,1338,11691,1338,2389
2023-12-11T20:00:22.555Z,"NoNose,NoBody2",4,435,11434,1289,11710,1372,2397
2023-12-11T20:00:22.641Z,"NoNose,NoBody2",4,423,11267,1280,11724,1364,2386
2023-12-11T20:00:22.739Z,"NoNose,NoBody2",4,403,11187,1248,11627,1378,2399
2023-12-11T20:00:22.860Z,"NoNose,NoBody2",4,479,11231,1300,11674,1372,2391
2023-12-11T20:00:22.935Z,"NoNose,NoBody2",4,427,11293,1290,11734,1364,2394
2023-12-11T20:00:23.141Z,"NoNose,NoBody2",4,411,11244,1280,11632,1360,2393
2023-12-11T20:00:23.154Z,"NoNose,NoBody2",4,428,11247,1315,11694,1353,2393
2023-12-11T20:00:23.252Z,"NoNose,NoBody2",4,397,11256,1307,11720,1376,2396
2023-12-11T20:00:23.337Z,"NoNose,NoBody2",4,380,11210,1305,11665,1389,2403
2023-12-11T20:00:23.436Z,"NoNose,NoBody2",4,433,11216,1302,11679,1365,2405
2023-12-11T20:00:23.545Z,"NoNose,NoBody2",4,487,11184,1329,11636,1369,2409
2023-12-11T20:00:23.656Z,"NoNose,NoBody2",4,462,11217,1306,11715,1357,2395
2023-12-11T20:00:23.742Z,"NoNose,NoBody2",4,349,11578,1294,11741,1367,2400
2023-12-11T20:00:23.841Z,"NoNose,NoBody2",4,437,11267,1306,11712,1355,2387
2023-12-11T20:00:23.957Z,"NoNose,NoBody2",4,462,11237,1307,11693,1368,2423
2023-12-11T20:00:24.163Z,"NoNose,NoBody2",4,374,11255,1305,11717,1359,2394
2023-12-11T20:00:24.165Z,"NoNose,NoBody2",4,432,11619,1320,11710,1393,2425
2023-12-11T20:00:24.253Z,"NoNose,NoBody2",4,462,11211,1280,7191,1347,2390
2023-12-11T20:00:24.350Z,"NoNose,NoBody2",4,396,10997,1306,6375,1385,2412
2023-12-11T20:00:24.463Z,"NoNose,NoBody2",4,523,11221,1301,6314,1373,2403
2023-12-11T20:00:24.550Z,"NoNose,NoBody2",4,511,11206,1299,6296,1370,2405
2023-12-11T20:00:24.649Z,"NoNose,NoBody2",4,469,11277,1294,6339,1377,2402
2023-12-11T20:00:24.746Z,"NoNose,NoBody2",4,339,11042,1295,6308,1348,2382
2023-12-11T20:00:24.847Z,"NoNose,NoBody2",4,450,11197,1298,6293,1370,2409
2023-12-11T20:00:24.937Z,"NoNose,NoBody2",4,446,11273,1300,6339,1362,2389
2023-12-11T20:00:25.145Z,"NoNose,NoBody2",4,470,11231,1292,6308,1380,2401
2023-12-11T20:00:25.146Z,"NoNose,NoBody2",4,288,11072,1297,6310,1371,2398
2023-12-11T20:00:25.256Z,"NoNose,NoBody2",4,471,11199,1312,6331,1381,2402
2023-12-11T20:00:25.345Z,"NoNose,NoBody2",4,262,11278,1303,6296,1371,2407
2023-12-11T20:00:25.441Z,"NoNose,NoBody2",4,417,11214,1322,6309,1377,2407
2023-12-11T20:00:25.542Z,"NoNose,NoBody2",4,423,11249,1297,6323,1377,2410
2023-12-11T20:00:25.652Z,"NoNose,NoBody2",4,453,11189,1298,6294,1388,2409
2023-12-11T20:00:25.742Z,"NoNose,NoBody2",4,340,11233,1265,6316,1370,2399
2023-12-11T20:00:25.855Z,"NoNose,NoBody2",4,331,11113,1292,6293,1364,2393
2023-12-11T20:00:25.945Z,"NoNose,NoBody2",4,465,11219,1319,6341,1367,2397
2023-12-11T20:00:26.350Z,"NoNose,NoBody2",4,474,11212,1303,6302,1374,2395
2023-12-11T20:00:26.352Z,"NoNose,NoBody2",4,410,11309,1311,6321,1357,2408
2023-12-11T20:00:26.354Z,"NoNose,NoBody2",4,386,10766,1310,6317,1380,2403
2023-12-11T20:00:26.355Z,"NoNose,NoBody2",5,452,11276,1300,6341,1351,2377
2023-12-11T20:00:26.442Z,"NoNose,NoBody2",5,436,11218,1274,6307,1378,2393
2023-12-11T20:00:26.553Z,"NoNose,NoBody2",5,276,11278,1306,6342,1388,2408
2023-12-11T20:00:26.649Z,"NoNose,NoBody2",5,322,10935,1296,6323,1386,2394
2023-12-11T20:00:26.751Z,"NoNose,NoBody2",5,414,11242,1307,6319,1361,2393
2023-12-11T20:00:27.013Z,"NoNose,NoBody2",5,364,11203,1313,6300,1379,2399
2023-12-11T20:00:27.015Z,"NoNose,NoBody2",5,463,11255,1316,6247,1340,2394
2023-12-11T20:00:27.225Z,"NoNose,NoBody2",5,376,10888,1310,6270,1370,2394
2023-12-11T20:00:27.227Z,"NoNose,NoBody2",5,498,11261,1326,6299,1368,2397
2023-12-11T20:00:27.244Z,"NoNose,NoBody2",5,448,11256,1310,6300,1357,2395
2023-12-11T20:00:27.351Z,"NoNose,NoBody2",5,472,11280,1327,6306,1354,2384
2023-12-11T20:00:27.452Z,"NoNose,NoBody2",5,444,11230,1332,6273,1375,2406
2023-12-11T20:00:27.546Z,"NoNose,NoBody2",5,461,11202,1288,6262,1369,2399
2023-12-11T20:00:27.640Z,"NoNose,NoBody2",5,371,11431,1315,6296,1376,2402
2023-12-11T20:00:27.740Z,"NoNose,NoBody2",5,431,11232,1289,6281,1385,2422
2023-12-11T20:00:27.865Z,"NoNose,NoBody2",5,417,11028,1297,6247,1395,2413
2023-12-11T20:00:27.938Z,"NoNose,NoBody2",5,444,11285,1311,6312,1369,2403
2023-12-11T20:00:28.131Z,"NoNose,NoBody2",5,445,11255,1297,6288,1371,2411
2023-12-11T20:00:28.147Z,"NoNose,NoBody2",5,482,11239,1307,6281,1371,2403
2023-12-11T20:00:28.240Z,"NoNose,NoBody2",5,212,11023,1291,6280,1368,2396
2023-12-11T20:00:28.356Z,"NoNose,NoBody2",5,472,11263,1319,6255,1377,2408
2023-12-11T20:00:28.449Z,"NoNose,NoBody2",5,379,11299,1318,6273,1379,2402
2023-12-11T20:00:28.535Z,"NoNose,NoBody2",5,454,11263,1298,6275,1379,2400
2023-12-11T20:00:28.651Z,"NoNose,NoBody2",5,440,11223,1304,6277,1356,2391
2023-12-11T20:00:28.736Z,"NoNose,NoBody2",5,425,11363,1322,6286,1374,2413
2023-12-11T20:00:28.844Z,"NoNose,NoBody2",5,460,11271,1315,6304,1383,2399
2023-12-11T20:00:28.945Z,"NoNose,NoBody2",5,447,11227,1305,6276,1378,2398
2023-12-11T20:00:29.184Z,"NoNose,NoBody2",5,383,11240,1304,6268,1371,2395
2023-12-11T20:00:29.186Z,"NoNose,NoBody2",5,406,11366,1285,6253,1365,2395
2023-12-11T20:00:29.242Z,"NoNose,NoBody2",5,435,11271,1322,11704,1368,2394
2023-12-11T20:00:29.338Z,"NoNose,NoBody2",5,451,11243,1303,11674,1381,2411
2023-12-11T20:00:29.437Z,"NoNose,NoBody2",5,433,11207,1329,11651,1362,2395
2023-12-11T20:00:29.535Z,"NoNose,NoBody2",5,456,11233,1301,11695,1379,2405
2023-12-11T20:00:29.648Z,"NoNose,NoBody2",5,440,11220,1296,11659,1368,2391
2023-12-11T20:00:29.746Z,"NoNose,NoBody2",5,455,11187,1312,11645,1381,2393
2023-12-11T20:00:29.844Z,"NoNose,NoBody2",5,445,11225,1335,11682,1375,2406
2023-12-11T20:00:29.957Z,"NoNose,NoBody2",5,438,11240,1297,11684,1383,2404
2023-12-11T20:00:30.172Z,"NoNose,NoBody2",5,466,11247,1324,11635,1357,2387
2023-12-11T20:00:30.173Z,"NoNose,NoBody2",5,439,11230,1308,11677,1375,2391
2023-12-11T20:00:30.250Z,"NoNose,NoBody2",5,481,11178,1303,11654,1379,2410
2023-12-11T20:00:30.341Z,"NoNose,NoBody2",5,364,11563,1339,11690,1371,2414
2023-12-11T20:00:30.451Z,"NoNose,NoBody2",5,491,11257,1317,11674,1366,2388
2023-12-11T20:00:30.545Z,"NoNose,NoBody2",5,386,10974,1327,11710,1387,2396
2023-12-11T20:00:30.650Z,"NoNose,NoBody2",5,436,11179,1311,11636,1379,2405
2023-12-11T20:00:30.749Z,"NoNose,NoBody2",5,458,11263,1317,11715,1383,2401
2023-12-11T20:00:30.847Z,"NoNose,NoBody2",5,455,11258,1335,11723,1382,2404
2023-12-11T20:00:30.949Z,"NoNose,NoBody2",5,379,11063,1302,11682,1367,2399
2023-12-11T20:00:31.140Z,"NoNose,NoBody2",5,448,11254,1317,11686,1378,2402
2023-12-11T20:00:31.142Z,"NoNose,NoBody2",5,457,11181,1315,11615,1383,2413
2023-12-11T20:00:31.239Z,"NoNose,NoBody2",5,470,11267,1307,11707,1368,2401
2023-12-11T20:00:31.341Z,"NoNose,NoBody2",5,444,11183,1333,11629,1365,2390
2023-12-11T20:00:31.451Z,"NoNose,NoBody2",6,468,11252,1301,11692,1375,2400
2023-12-11T20:00:31.551Z,"NoNose,NoBody2",6,440,11226,1310,11658,1361,2390
2023-12-11T20:00:31.652Z,"NoNose,NoBody2",6,438,11169,1280,11626,1362,2403
2023-12-11T20:00:31.743Z,"NoNose,NoBody2",6,437,11237,1297,11717,1361,2398
2023-12-11T20:00:31.859Z,"NoNose,NoBody2",6,464,11257,1321,11697,1381,2416
2023-12-11T20:00:31.942Z,"NoNose,NoBody2",6,435,11233,1305,11665,1366,2403
2023-12-11T20:00:32.167Z,"NoNose,NoBody2",6,468,11201,1304,11627,1360,2395
2023-12-11T20:00:32.170Z,"NoNose,NoBody2",6,492,11174,1322,11721,1374,2408
2023-12-11T20:00:32.238Z,"NoNose,NoBody2",6,448,11258,1304,11713,1379,2402
2023-12-11T20:00:32.337Z,"NoNose,NoBody2",6,458,11267,1335,11735,1384,2406
2023-12-11T20:00:32.447Z,"NoNose,NoBody2",6,420,11222,1287,11691,1379,2416
2023-12-11T20:00:32.543Z,"NoNose,NoBody2",6,465,11282,1304,11731,1377,2403
2023-12-11T20:00:32.652Z,"NoNose,NoBody2",6,435,11188,1301,11661,1377,2400
2023-12-11T20:00:32.753Z,"NoNose,NoBody2",6,466,11182,1292,11637,1354,2392
2023-12-11T20:00:32.855Z,"NoNose,NoBody2",6,445,11182,1295,11632,1363,2393
2023-12-11T20:00:32.951Z,"NoNose,NoBody2",6,418,11117,1300,11608,1372,2391
2023-12-11T20:00:33.139Z,"NoNose,NoBody2",6,341,11243,1342,11709,1368,2401
2023-12-11T20:00:33.147Z,"NoNose,NoBody2",6,266,11237,1339,11680,1371,2404
2023-12-11T20:00:33.235Z,"NoNose,NoBody2",6,404,11193,1314,11644,1363,2399
2023-12-11T20:00:33.342Z,"NoNose,NoBody2",6,457,11182,1296,11681,1355,2392
2023-12-11T20:00:33.441Z,"NoNose,NoBody2",6,376,11570,1304,11709,1359,2402
2023-12-11T20:00:33.540Z,"NoNose,NoBody2",6,496,11270,1313,11666,1383,2403
2023-12-11T20:00:33.652Z,"NoNose,NoBody2",6,447,11259,1315,11709,1369,2394
2023-12-11T20:00:33.746Z,"NoNose,NoBody2",6,454,11224,1308,11677,1392,2411
2023-12-11T20:00:33.848Z,"NoNose,NoBody2",6,380,11510,1317,11664,1375,2408
2023-12-11T20:00:33.957Z,"NoNose,NoBody2",6,448,11235,1282,11692,1352,2385
2023-12-11T20:00:34.162Z,"NoNose,NoBody2",6,422,10979,1272,11625,1388,2411
2023-12-11T20:00:34.164Z,"NoNose,NoBody2",6,477,11193,1269,11679,1370,2405
2023-12-11T20:00:34.254Z,"NoNose,NoBody2",6,423,11447,1329,11747,1357,2390
2023-12-11T20:00:34.352Z,"NoNose,NoBody2",6,423,11213,1291,7179,1395,2410
2023-12-11T20:00:34.444Z,"NoNose,NoBody2",6,464,11173,1302,6499,1379,2411
2023-12-11T20:00:34.551Z,"NoNose,NoBody2",6,502,11305,1301,6517,1378,2411
2023-12-11T20:00:34.635Z,"NoNose,NoBody2",6,434,11256,1281,6535,1371,2407
2023-12-11T20:00:34.743Z,"NoNose,NoBody2",6,471,11186,1318,6496,1361,2396
2023-12-11T20:00:34.844Z,"NoNose,NoBody2",6,452,11204,1302,6506,1362,2397
2023-12-11T20:00:34.959Z,"NoNose,NoBody2",6,492,11209,1301,6506,1357,2398
2023-12-11T20:00:35.154Z,"NoNose,NoBody2",6,300,11295,1307,6516,1358,2401
2023-12-11T20:00:35.155Z,"NoNose,NoBody2",6,415,11194,1291,6502,1377,2404
2023-12-11T20:00:35.252Z,"NoNose,NoBody2",6,390,11258,1294,6540,1372,2395
2023-12-11T20:00:35.357Z,"NoNose,NoBody2",6,424,11271,1302,6539,1388,2405
2023-12-11T20:00:35.446Z,"NoNose,NoBody2",6,465,11242,1290,6525,1369,2393
2023-12-11T20:00:35.548Z,"NoNose,NoBody2",6,449,11260,1307,6505,1384,2404
2023-12-11T20:00:35.659Z,"NoNose,NoBody2",6,448,11276,1316,6540,1384,2407
2023-12-11T20:00:35.745Z,"NoNose,NoBody2",6,317,11217,1289,6517,1357,2394
2023-12-11T20:00:35.863Z,"NoNose,NoBody2",6,390,11187,1289,6489,1362,2390
2023-12-11T20:00:35.946Z,"NoNose,NoBody2",6,395,11228,1313,6520,1368,2395
2023-12-11T20:00:36.186Z,"NoNose,NoBody2",6,452,11256,1322,6533,1353,2392
2023-12-11T20:00:36.188Z,"NoNose,NoBody2",6,402,11208,1303,6544,1350,2384
2023-12-11T20:00:36.245Z,"NoNose,NoBody2",6,441,11228,1314,6526,1378,2402
2023-12-11T20:00:36.341Z,"NoNose,NoBody2",6,482,11259,1313,6530,1367,2393
2023-12-11T20:00:36.450Z,"NoNose,NoBody2",6,348,11210,1335,6533,1377,2402
2023-12-11T20:00:36.552Z,"NoNose,NoBody2",6,439,11249,1310,6537,1381,2404
2023-12-11T20:00:36.639Z,"NoNose,NoBody2",7,327,11256,1309,6534,1371,2403
2023-12-11T20:00:36.743Z,"NoNose,NoBody2",7,475,11215,1309,6524,1354,2388
2023-12-11T20:00:37.094Z,"NoNose,NoBody2",7,447,11202,1314,6503,1381,2409
2023-12-11T20:00:37.096Z,"NoNose,NoBody2",7,355,11404,1302,6488,1358,2393
2023-12-11T20:00:37.098Z,"NoNose,NoBody2",7,492,11274,1321,6540,1389,2403
2023-12-11T20:00:37.299Z,"NoNose,NoBody2",7,488,11213,1327,6473,1369,2399
2023-12-11T20:00:37.301Z,"NoNose,NoBody2",7,376,11237,1311,6480,1369,2390
2023-12-11T20:00:37.353Z,"NoNose,NoBody2",7,427,11217,1263,6462,1339,2393
2023-12-11T20:00:37.456Z,"NoNose,NoBody2",7,393,11185,1286,6449,1364,2400
2023-12-11T20:00:37.550Z,"NoNose,NoBody2",7,439,11196,1282,6465,1357,2388
2023-12-11T20:00:37.651Z,"NoNose,NoBody2",7,477,11261,1301,6505,1376,2395
2023-12-11T20:00:37.750Z,"NoNose,NoBody2",7,417,11198,1326,6453,1378,2409
2023-12-11T20:00:37.847Z,"NoNose,NoBody2",7,462,11183,1293,6451,1359,2402
2023-12-11T20:00:37.940Z,"NoNose,NoBody2",7,520,11271,1333,6503,1356,2397
2023-12-11T20:00:38.131Z,"NoNose,NoBody2",7,431,11325,1313,6472,1352,2387
2023-12-11T20:00:38.135Z,"NoNose,NoBody2",7,471,11217,1328,6473,1366,2404
2023-12-11T20:00:38.251Z,"NoNose,NoBody2",7,479,11215,1322,6467,1354,2399
2023-12-11T20:00:38.349Z,"NoNose,NoBody2",7,307,11129,1330,6450,1370,2402
2023-12-11T20:00:38.457Z,"NoNose,NoBody2",7,486,11211,1325,6462,1381,2409
2023-12-11T20:00:38.565Z,"NoNose,NoBody2",7,402,11223,1305,6477,1364,2395
2023-12-11T20:00:38.638Z,"NoNose,NoBody2",7,467,11197,1288,6459,1365,2405
2023-12-11T20:00:38.739Z,"NoNose,NoBody2",7,476,11281,1303,6504,1368,2398
2023-12-11T20:00:38.857Z,"NoNose,NoBody2",7,472,11205,1329,6462,1360,2398
2023-12-11T20:00:38.954Z,"NoNose,NoBody2",7,434,11230,1286,6477,1380,2396
2023-12-11T20:00:39.202Z,"NoNose,NoBody2",7,388,11181,1318,6455,1372,2404
2023-12-11T20:00:39.204Z,"NoNose,NoBody2",7,449,11244,1295,6501,1370,2393
2023-12-11T20:00:39.236Z,"NoNose,NoBody2",7,454,11258,1291,6493,1363,2401
2023-12-11T20:00:39.354Z,"NoNose,NoBody2",7,391,11174,1299,6457,1361,2402
2023-12-11T20:00:39.449Z,"NoNose,NoBody2",7,431,10812,1285,6457,1350,2388
2023-12-11T20:00:39.532Z,"NoNose,NoBody2",7,445,11191,1314,11627,1368,2394
2023-12-11T20:00:39.633Z,"NoNose,NoBody2",7,419,11558,1313,11675,1386,2391
2023-12-11T20:00:39.741Z,"NoNose,NoBody2",7,442,11260,1330,11710,1380,2403
2023-12-11T20:00:39.846Z,"NoNose,NoBody2",7,466,11226,1312,11676,1359,2390
2023-12-11T20:00:39.949Z,"NoNose,NoBody2",7,388,11193,1299,11634,1358,2396
2023-12-11T20:00:40.149Z,"NoNose,NoBody2",7,359,11249,1344,11710,1366,2397
2023-12-11T20:00:40.151Z,"NoNose,NoBody2",7,543,11218,1318,11644,1367,2393
2023-12-11T20:00:40.246Z,"NoNose,NoBody2",7,397,11161,1302,11610,1371,2405
2023-12-11T20:00:40.349Z,"NoNose,NoBody2",7,435,11203,1290,11651,1361,2387
2023-12-11T20:00:40.449Z,"NoNose,NoBody2",7,507,11283,1309,11723,1375,2404
2023-12-11T20:00:40.546Z,"NoNose,NoBody2",7,451,11235,1308,11678,1387,2408
2023-12-11T20:00:40.645Z,"NoNose,NoBody2",7,329,11095,1297,11643,1346,2397
2023-12-11T20:00:40.748Z,"NoNose,NoBody2",7,512,11258,1321,11708,1362,2392
2023-12-11T20:00:40.848Z,"NoNose,NoBody2",7,397,11254,1281,11710,1373,2408
2023-12-11T20:00:40.952Z,"NoNose,NoBody2",7,443,11218,1312,11717,1359,2400
2023-12-11T20:00:41.157Z,"NoNose,NoBody2",7,471,11189,1313,11629,1364,2392
2023-12-11T20:00:41.161Z,"NoNose,NoBody2",7,453,11177,1333,11693,1369,2397
2023-12-11T20:00:41.234Z,"NoNose,NoBody2",7,439,11269,1304,11715,1373,2404
2023-12-11T20:00:41.342Z,"NoNose,NoBody2",7,450,11198,1299,11619,1368,2404
2023-12-11T20:00:41.453Z,"NoNose,NoBody2",7,448,11238,1283,11671,1360,2393
2023-12-11T20:00:41.550Z,"NoNose,NoBody2",7,425,11184,1318,11622,1348,2382
2023-12-11T20:00:41.676Z,"NoNose,NoBody2",7,430,11232,1279,11665,1389,2400
2023-12-11T20:00:41.741Z,"NoNose,NoBody2",7,431,11227,1298,11662,1379,2402
2023-12-11T20:00:41.846Z,"NoNose,NoBody2",8,344,11168,1310,11667,1374,2403
2023-12-11T20:00:41.972Z,"NoNose,NoBody2",8,448,11241,1322,11687,1348,2391
2023-12-11T20:00:42.233Z,"NoNose,NoBody2",8,456,11239,1283,11665,1359,2397
2023-12-11T20:00:42.235Z,"NoNose,NoBody2",8,442,11238,1303,11617,1363,2400
2023-12-11T20:00:42.258Z,"NoNose,NoBody2",8,388,11175,1297,11608,1350,2403
2023-12-11T20:00:42.354Z,"NoNose,NoBody2",8,342,11213,1309,11651,1381,2398
2023-12-11T20:00:42.456Z,"NoNose,NoBody2",8,451,11214,1299,11641,1341,2390
2023-12-11T20:00:42.542Z,"NoNose,NoBody2",8,316,10821,1291,11610,1368,2408
2023-12-11T20:00:42.647Z,"NoNose,NoBody2",8,467,11230,1295,11699,1366,2395
2023-12-11T20:00:42.746Z,"NoNose,NoBody2",8,434,11185,1323,11627,1387,2393
2023-12-11T20:00:42.853Z,"NoNose,NoBody2",8,483,11199,1296,11637,1348,2397
2023-12-11T20:00:42.950Z,"NoNose,NoBody2",8,467,11246,1311,11697,1352,2398
2023-12-11T20:00:43.138Z,"NoNose,NoBody2",8,463,11210,1302,11637,1387,2419
2023-12-11T20:00:43.142Z,"NoNose,NoBody2",8,481,11279,1317,11712,1352,2392
2023-12-11T20:00:43.246Z,"NoNose,NoBody2",8,445,11275,1313,11710,1377,2402
2023-12-11T20:00:43.362Z,"NoNose,NoBody2",8,445,11192,1326,11697,1347,2393
2023-12-11T20:00:43.441Z,"NoNose,NoBody2",8,446,11189,1339,11635,1369,2401
2023-12-11T20:00:43.545Z,"NoNose,NoBody2",8,443,11219,1325,11648,1329,2392
2023-12-11T20:00:43.637Z,"NoNose,NoBody2",8,442,11143,1296,11596,1355,2397
2023-12-11T20:00:43.744Z,"NoNose,NoBody2",8,464,11268,1327,6713,1358,2395
2023-12-11T20:00:43.844Z,"NoNose,NoBody2",8,462,11228,1320,6430,1371,2398
2023-12-11T20:00:43.936Z,"NoNose,NoBody2",8,304,11342,1308,6412,1372,2397
2023-12-11T20:00:44.135Z,"NoNose,NoBody2",8,488,11231,1293,6428,1357,2390
2023-12-11T20:00:44.147Z,"NoNose,NoBody2",8,438,11248,1291,6447,1381,2391
2023-12-11T20:00:44.247Z,"NoNose,NoBody2",8,475,11265,1292,6448,1359,2388
2023-12-11T20:00:44.339Z,"NoNose,NoBody2",8,462,11234,1315,6435,1369,2397
2023-12-11T20:00:44.442Z,"NoNose,NoBody2",8,436,11178,1315,6402,1362,2408
2023-12-11T20:00:44.554Z,"NoNose,NoBody2",8,432,11206,1320,6418,1351,2385
2023-12-11T20:00:44.641Z,"NoNose,NoBody2",8,470,11234,1290,6412,1370,2397
2023-12-11T20:00:44.744Z,"NoNose,NoBody2",8,439,11166,1309,6400,1371,2407
2023-12-11T20:00:44.842Z,"NoNose,NoBody2",8,462,11213,1300,6415,1355,2388
2023-12-11T20:00:44.952Z,"NoNose,NoBody2",8,412,11240,1327,6460,1377,2407
2023-12-11T20:00:45.150Z,"NoNose,NoBody2",8,421,11217,1318,6424,1358,2393
2023-12-11T20:00:45.152Z,"NoNose,NoBody2",8,432,11224,1309,6433,1375,2402
2023-12-11T20:00:45.257Z,"NoNose,NoBody2",8,437,11206,1299,6417,1351,2400
2023-12-11T20:00:45.345Z,"NoNose,NoBody2",8,407,11175,1305,6426,1386,2403
2023-12-11T20:00:45.445Z,"NoNose,NoBody2",8,464,11256,1351,6438,1375,2399
2023-12-11T20:00:45.542Z,"NoNose,NoBody2",8,455,11206,1298,6407,1366,2391
2023-12-11T20:00:45.647Z,"NoNose,NoBody2",8,453,11214,1308,6419,1361,2400
2023-12-11T20:00:45.740Z,"NoNose,NoBody2",8,462,11263,1308,6442,1350,2389
2023-12-11T20:00:45.842Z,"NoNose,NoBody2",8,441,11229,1312,6431,1367,2395
2023-12-11T20:00:45.943Z,"NoNose,NoBody2",8,365,11233,1301,6411,1367,2401
2023-12-11T20:00:46.179Z,"NoNose,NoBody2",8,553,11274,1307,6407,1353,2406
2023-12-11T20:00:46.181Z,"NoNose,NoBody2",8,427,11168,1313,6397,1377,2398
2023-12-11T20:00:46.256Z,"NoNose,NoBody2",8,438,11161,1245,6391,1366,2407
2023-12-11T20:00:46.342Z,"NoNose,NoBody2",8,458,11210,1314,6415,1367,2392
2023-12-11T20:00:46.442Z,"NoNose,NoBody2",8,440,11187,1303,6398,1360,2403
2023-12-11T20:00:46.565Z,"NoNose,NoBody2",8,428,11226,1310,6423,1368,2404
2023-12-11T20:00:46.644Z,"NoNose,NoBody2",8,463,11198,1317,6407,1361,2396
2023-12-11T20:00:46.738Z,"NoNose,NoBody2",8,443,11206,1294,6407,1372,2400
2023-12-11T20:00:47.018Z,"NoNose,NoBody2",8,451,11241,1290,6433,1370,2399
2023-12-11T20:00:47.020Z,"NoNose,NoBody2",8,442,11209,1314,6408,1366,2404
2023-12-11T20:00:47.228Z,"NoNose,NoBody2",8,407,11216,1320,6426,1366,2402
2023-12-11T20:00:47.229Z,"NoNose,NoBody2",8,436,11268,1313,6444,1372,2395
2023-12-11T20:00:47.253Z,"NoNose,NoBody2",8,339,11181,1287,6427,1361,2393
2023-12-11T20:00:47.343Z,"NoNose,NoBody2",8,464,11195,1327,6409,1359,2396
2023-12-11T20:00:47.443Z,"NoNose,NoBody2",8,434,11209,1301,6418,1366,2389
2023-12-11T20:00:47.542Z,"NoNose,NoBody2",8,441,11225,1321,6427,1372,12511
2023-12-11T20:00:47.660Z,"NoNose,NoBody2",8,425,11197,1299,6411,1373,12561
2023-12-11T20:00:47.753Z,"NoNose,NoBody2",8,435,11369,1312,6401,1376,12579
2023-12-11T20:00:47.843Z,"NoNose,NoBody2",8,445,11214,1324,6416,1381,12557
2023-12-11T20:00:47.942Z,"NoNose,NoBody2",8,465,11287,1303,6450,1365,12554
2023-12-11T20:00:48.165Z,"NoNose,NoBody2",8,463,11210,1323,6414,1360,12510
2023-12-11T20:00:48.167Z,"NoNose,NoBody2",8,497,11168,1310,6398,1369,12573
2023-12-11T20:00:48.252Z,"NoNose,NoBody2",8,451,11192,1326,6402,1352,12521
2023-12-11T20:00:48.342Z,"NoNose,NoBody2",8,460,11238,1295,6425,1369,12533
2023-12-11T20:00:48.439Z,"NoNose,NoBody2",8,483,11291,1314,6456,1367,12502
2023-12-11T20:00:48.538Z,"NoNose,NoBody2",8,327,11249,1294,6436,1366,12561
2023-12-11T20:00:48.647Z,"NoNose,NoBody2",8,476,11252,1316,6431,1381,12524
2023-12-11T20:00:48.755Z,"NoNose,NoBody2",8,419,11179,1313,6403,1372,12526
2023-12-11T20:00:48.847Z,"NoNose,NoBody2",8,419,11210,1290,6418,1359,12505
2023-12-11T20:00:48.940Z,"NoNose,NoBody2",8,473,11256,1296,6433,1374,12514
2023-12-11T20:00:49.162Z,"NoNose,NoBody2",8,436,11178,1312,6404,1352,12516
2023-12-11T20:00:49.164Z,"NoNose,NoBody2",8,474,11264,1316,6438,1376,12549
2023-12-11T20:00:49.255Z,"NoNose,NoBody2",8,403,11237,1321,6435,1370,9046
2023-12-11T20:00:49.362Z,"NoNose,NoBody2",8,470,11209,1276,6408,1373,6902
2023-12-11T20:00:49.450Z,"NoNose,NoBody2",8,454,11234,1321,6406,1376,6836
2023-12-11T20:00:49.546Z,"NoNose,NoBody2",8,432,11202,1306,6411,1363,6812
2023-12-11T20:00:49.642Z,"NoNose,NoBody2",8,450,11233,1309,6426,1375,6829
2023-12-11T20:00:49.751Z,"NoNose,NoBody2",8,468,11194,1319,6400,1373,6831
2023-12-11T20:00:49.844Z,"NoNose,NoBody2",8,456,11271,1316,6439,1360,6781
2023-12-11T20:00:49.940Z,"NoNose,NoBody2",8,505,11286,1322,6455,1368,6805
2023-12-11T20:00:50.169Z,"NoNose,NoBody2",8,505,11207,1313,6426,1372,6796
2023-12-11T20:00:50.171Z,"NoNose,NoBody2",8,387,11327,1259,6399,1364,6812
2023-12-11T20:00:50.248Z,"NoNose,NoBody2",8,452,11232,1300,6389,1382,6820
2023-12-11T20:00:50.343Z,"NoNose,NoBody2",8,427,11226,1300,6421,1368,6768
2023-12-11T20:00:50.473Z,"NoNose,NoBody2",8,500,11229,1293,6432,1358,6786
2023-12-11T20:00:50.549Z,"NoNose,NoBody2",8,426,11212,1291,6412,1354,6800
2023-12-11T20:00:50.639Z,"NoNose,NoBody2",8,439,11184,1300,6395,1366,6817
2023-12-11T20:00:50.746Z,"NoNose,NoBody2",8,476,11280,1326,6449,1370,6808
2023-12-11T20:00:50.845Z,"NoNose,NoBody2",8,431,11180,1304,6397,1377,6810
2023-12-11T20:00:50.950Z,"NoNose,NoBody2",8,423,11245,1330,6435,1366,6793
2023-12-11T20:00:51.232Z,"NoNose,NoBody2",8,444,11264,1314,6445,1348,6797
2023-12-11T20:00:51.234Z,"NoNose,NoBody2",8,438,11113,1306,6395,1379,6823
2023-12-11T20:00:51.254Z,"NoNose,NoBody2",8,166,11195,1317,6412,1380,6813
2023-12-11T20:00:51.408Z,"NoNose,NoBody2",8,423,11227,1306,6425,1367,6797
2023-12-11T20:00:51.454Z,"NoNose,NoBody2",8,218,10795,1305,6403,1380,6812
2023-12-11T20:00:51.538Z,"NoNose,NoBody2",8,412,11228,1323,6423,1371,6791
2023-12-11T20:00:51.634Z,"NoNose,NoBody2",8,444,11259,1298,6440,1368,6806
2023-12-11T20:00:51.743Z,"NoNose,NoBody2",8,441,11197,1297,6411,1353,6805
2023-12-11T20:00:51.843Z,"NoNose,NoBody2",8,426,11218,1302,6414,1359,6776
2023-12-11T20:00:51.944Z,"NoNose,NoBody2",8,443,11213,1286,6408,1351,6760
2023-12-11T20:00:52.197Z,"NoNose,NoBody2",8,421,11696,1314,6454,1364,6782
2023-12-11T20:00:52.199Z,"NoNose,NoBody2",8,434,11221,1319,6425,1373,6791
2023-12-11T20:00:52.246Z,"NoNose,NoBody2",8,453,11185,1313,6404,1375,6825
2023-12-11T20:00:52.359Z,"NoNose,NoBody2",8,387,11206,1284,6411,1373,6815
2023-12-11T20:00:52.445Z,"NoNose,NoBody2",8,362,11208,1305,6412,1353,6767
2023-12-11T20:00:52.539Z,"NoNose,NoBody2",8,464,11231,1301,6422,1371,6786
2023-12-11T20:00:52.637Z,"NoNose,NoBody2",8,476,11280,1327,6449,1333,6774
2023-12-11T20:00:52.747Z,"NoNose,NoBody2",8,504,11261,1341,6441,1362,6770
2023-12-11T20:00:52.857Z,"NoNose,NoBody2",8,425,11211,1347,6426,1377,6817
2023-12-11T20:00:52.958Z,"NoNose,NoBody2",8,437,11249,1332,6431,1363,6785
2023-12-11T20:00:53.282Z,"NoNose,NoBody2",8,291,11206,1339,6467,1361,6806
2023-12-11T20:00:53.284Z,"NoNose,NoBody2",8,410,11230,1313,6436,1345,6797
2023-12-11T20:00:53.286Z,"NoNose,NoBody2",8,465,11245,1296,6434,1345,6781
2023-12-11T20:00:53.369Z,"NoNose,NoBody2",8,529,11250,1299,6445,1357,6791
2023-12-11T20:00:53.473Z,"NoNose,NoBody2",8,417,11167,1300,6444,1357,6771
2023-12-11T20:00:53.597Z,"NoNose,NoBody2",8,423,11196,1303,6414,1365,6804
2023-12-11T20:00:53.639Z,"NoNose,NoBody2",8,452,11187,1320,6396,1374,6815
2023-12-11T20:00:53.737Z,"NoNose,NoBody2",8,477,11255,1321,6430,1368,6785
2023-12-11T20:00:54.126Z,"NoNose,NoBody2",8,446,11283,1306,6452,1364,6811
2023-12-11T20:00:54.133Z,"NoNose,NoBody2",8,469,11243,1329,6427,1381,6794
2023-12-11T20:00:54.135Z,"NoNose,NoBody2",8,441,11195,1309,6401,1378,6805
2023-12-11T20:00:54.358Z,"NoNose,NoBody2",8,446,11233,1311,6421,1369,6793
2023-12-11T20:00:54.360Z,"NoNose,NoBody2",8,449,11223,1301,6395,1373,6793
2023-12-11T20:00:54.361Z,"NoNose,NoBody2",8,435,11164,1317,6385,1381,6825
2023-12-11T20:00:54.464Z,"NoNose,NoBody2",8,396,11199,1306,6396,1359,6775
2023-12-11T20:00:54.540Z,"NoNose,NoBody2",8,423,11240,1299,6425,1357,6798
2023-12-11T20:00:54.671Z,"NoNose,NoBody2",8,455,11213,1327,6415,1375,6783
2023-12-11T20:00:54.749Z,"NoNose,NoBody2",8,425,11256,1298,6437,1371,6799
2023-12-11T20:00:54.847Z,"NoNose,NoBody2",8,437,11249,1313,6419,1389,6820
2023-12-11T20:00:54.946Z,"NoNose,NoBody2",8,257,10745,1308,6388,1355,6782
2023-12-11T20:00:55.172Z,"NoNose,NoBody2",8,457,11224,1300,6416,1375,6796
2023-12-11T20:00:55.174Z,"NoNose,NoBody2",8,474,11600,1291,6403,1362,6793
2023-12-11T20:00:55.243Z,"NoNose,NoBody2",8,464,11244,1316,6429,1379,6824
2023-12-11T20:00:55.340Z,"NoNose,NoBody2",8,422,11199,1308,6410,1361,6787
2023-12-11T20:00:55.448Z,"NoNose,NoBody2",8,450,11213,1320,6414,1349,6779
2023-12-11T20:00:55.550Z,"NoNose,NoBody2",8,437,11206,1313,6405,1376,6781
2023-12-11T20:00:55.650Z,"NoNose,NoBody2",8,441,11197,1303,6396,1369,6802
2023-12-11T20:00:55.745Z,"NoNose,NoBody2",8,429,11191,1338,6402,1380,6430
2023-12-11T20:00:55.849Z,"NoNose,NoBody2",8,460,11289,1339,6450,1392,6400
2023-12-11T20:00:55.960Z,"NoNose,NoBody2",8,432,11212,1290,6406,1374,6379
2023-12-11T20:00:56.158Z,"NoNose,NoBody2",8,485,11214,1322,6405,1360,7262
2023-12-11T20:00:56.160Z,"NoNose,NoBody2",8,273,11049,1321,6409,1375,12523
2023-12-11T20:00:56.240Z,"NoNose,NoBody2",8,318,11232,1292,6430,1369,12517
2023-12-11T20:00:56.345Z,"NoNose,NoBody2",8,461,11225,1295,6413,1380,12549
2023-12-11T20:00:56.446Z,"NoNose,NoBody2",8,473,11270,1321,6441,1379,12477
2023-12-11T20:00:56.558Z,"NoNose,NoBody2",8,450,11260,1322,6441,1356,12521
2023-12-11T20:00:56.645Z,"NoNose,NoBody2",8,415,11195,1308,6402,1371,12530
2023-12-11T20:00:56.755Z,"NoNose,NoBody2",8,415,11144,1322,6429,1385,12561
2023-12-11T20:00:57.047Z,"NoNose,NoBody2",8,465,11202,1309,6402,1379,12556
2023-12-11T20:00:57.049Z,"NoNose,NoBody2",8,463,11249,1303,6426,1364,12500
2023-12-11T20:00:57.050Z,"NoNose,NoBody2",8,449,11357,1317,6440,1385,12549
2023-12-11T20:00:57.310Z,"NoNose,NoBody2",8,467,11243,1321,6423,1380,12535
2023-12-11T20:00:57.312Z,"NoNose,NoBody2",8,417,11248,1305,6434,1364,12537
2023-12-11T20:00:57.343Z,"NoNose,NoBody2",8,458,11194,1304,6396,1369,12509
2023-12-11T20:00:57.452Z,"NoNose,NoBody2",8,383,11450,1296,6407,1390,12541
2023-12-11T20:00:57.546Z,"NoNose,NoBody2",8,450,11245,1327,6420,1357,12495
2023-12-11T20:00:57.649Z,"NoNose,NoBody2",8,346,10909,1329,6406,1366,12475
2023-12-11T20:00:57.744Z,"NoNose,NoBody2",8,381,11119,1311,6391,1359,12507
2023-12-11T20:00:57.853Z,"NoNose,NoBody2",8,453,11276,1324,6443,1359,12486
2023-12-11T20:00:57.957Z,"NoNose,NoBody2",8,451,11244,1328,6433,1375,12483
2023-12-11T20:00:58.184Z,"NoNose,NoBody2",8,474,11232,1311,6415,1371,12506
2023-12-11T20:00:58.186Z,"NoNose,NoBody2",8,463,11258,1306,6433,1366,12481
2023-12-11T20:00:58.233Z,"NoNose,NoBody2",8,396,11582,1313,6406,1364,12475
2023-12-11T20:00:58.349Z,"NoNose,NoBody2",8,417,11254,1329,6438,1372,12485
2023-12-11T20:00:58.451Z,"NoNose,NoBody2",8,443,11182,1322,6399,1383,12478
2023-12-11T20:00:58.563Z,"NoNose,NoBody2",8,450,11206,1308,6402,1374,12475
2023-12-11T20:00:58.650Z,"NoNose,NoBody2",8,432,11226,1292,6413,1381,12502
2023-12-11T20:00:58.748Z,"NoNose,NoBody2",8,480,11218,1298,6406,1355,12524
2023-12-11T20:00:58.850Z,"NoNose,NoBody2",8,281,10843,1335,6418,1362,12492
2023-12-11T20:00:58.949Z,"NoNose,NoBody2",8,431,11186,1298,6394,1361,12483
2023-12-11T20:00:59.144Z,"NoNose,NoBody2",8,465,11263,1313,6442,1361,12486
2023-12-11T20:00:59.145Z,"NoNose,NoBody2",8,438,11234,1325,6431,1338,12518
2023-12-11T20:00:59.249Z,"NoNose,NoBody2",8,448,11269,1304,6440,1362,12530
2023-12-11T20:00:59.342Z,"NoNose,NoBody2",8,463,11164,1312,6396,1385,12479
2023-12-11T20:00:59.448Z,"NoNose,NoBody2",8,411,11183,1285,6392,1363,12538
2023-12-11T20:00:59.555Z,"NoNose,NoBody2",8,426,11225,1297,6415,1376,12515
2023-12-11T20:00:59.638Z,"NoNose,NoBody2",8,440,11205,1313,6405,1364,12546
2023-12-11T20:00:59.752Z,"NoNose,NoBody2",8,470,11247,1308,6428,1372,12512
2023-12-11T20:00:59.844Z,"NoNose,NoBody2",8,428,11199,1316,6405,1380,12549
2023-12-11T20:00:59.936Z,"NoNose,NoBody2",8,404,11257,1286,6433,1378,12539
2023-12-11T20:01:00.133Z,"NoNose,NoBody2",8,439,11262,1352,6439,1352,12488
2023-12-11T20:01:00.162Z,"NoNose,NoBody2",8,463,11217,1325,6411,1376,4269
2023-12-11T20:01:00.244Z,"NoNose,NoBody2",8,449,11243,1317,6431,1373,2438
2023-12-11T20:01:00.350Z,"NoNose,NoBody2",8,432,11258,1324,6437,1368,2431
2023-12-11T20:01:00.447Z,"NoNose,NoBody2",8,443,11261,1299,6436,1377,2438
2023-12-11T20:01:00.559Z,"NoNose,NoBody2",8,484,11258,1316,6434,1362,2432
2023-12-11T20:01:00.654Z,"NoNose,NoBody2",8,468,11228,1290,6421,1374,2438
2023-12-11T20:01:00.743Z,"NoNose,NoBody2",8,317,10968,1297,6412,1379,2439
2023-12-11T20:01:00.847Z,"NoNose,NoBody2",8,458,11196,1326,6401,1359,2440
2023-12-11T20:01:00.938Z,"NoNose,NoBody2",8,432,11537,1290,6428,1377,2442
2023-12-11T20:01:01.151Z,"NoNose,NoBody2",8,441,11187,1307,6399,1367,2445
2023-12-11T20:01:01.153Z,"NoNose,NoBody2",8,433,11211,1326,6414,1372,2449
2023-12-11T20:01:01.252Z,"NoNose,NoBody2",8,460,11265,1332,6437,1385,2452
2023-12-11T20:01:01.341Z,"NoNose,NoBody2",8,447,11201,1299,6406,1362,2431
2023-12-11T20:01:01.438Z,"NoNose,NoBody2",8,468,11261,1310,6434,1360,2430
2023-12-11T20:01:01.541Z,"NoNose,NoBody2",8,407,11214,1324,6416,1383,2439
2023-12-11T20:01:01.664Z,"NoNose,NoBody2",8,446,11236,1313,6428,1376,2443
2023-12-11T20:01:01.753Z,"NoNose,NoBody2",8,450,11225,1292,6413,1363,2435
2023-12-11T20:01:01.851Z,"NoNose,NoBody2",8,443,11263,1328,6442,1381,2447
2023-12-11T20:01:01.943Z,"NoNose,NoBody2",8,454,11199,1291,6403,1378,2446
2023-12-11T20:01:02.157Z,"NoNose,NoBody2",8,451,11247,1297,6391,1375,2444
2023-12-11T20:01:02.158Z,"NoNose,NoBody2",8,458,11247,1348,6435,1386,2456
2023-12-11T20:01:02.240Z,"NoNose,NoBody2",8,481,11244,1327,6428,1372,2448
2023-12-11T20:01:02.345Z,"NoNose,NoBody2",8,439,11017,1313,6414,9175,12391
2023-12-11T20:01:02.442Z,"NoNose,NoBody2",8,483,11186,1313,6395,8944,12367
2023-12-11T20:01:02.551Z,"NoNose,NoBody2",8,430,11216,1310,6408,8865,12379
2023-12-11T20:01:02.665Z,"NoNose,NoBody2",8,449,11196,1299,6399,8869,12456
2023-12-11T20:01:02.749Z,"NoNose,NoBody2",8,473,11266,1321,6436,8795,12417
2023-12-11T20:01:02.856Z,"NoNose,NoBody2",8,543,11244,1310,11646,6494,12389
2023-12-11T20:01:02.942Z,"NoNose,NoBody2",8,441,11191,1284,11623,6561,12494
2023-12-11T20:01:03.225Z,"NoNose,NoBody2",8,443,11185,1301,11684,6515,12377
2023-12-11T20:01:03.227Z,"NoNose,NoBody2",8,409,11248,1315,11631,6534,12395
2023-12-11T20:01:03.236Z,"NoNose,NoBody2",8,458,11207,1315,11635,6536,12412
2023-12-11T20:01:03.339Z,"NoNose,NoBody2",8,437,11239,1311,11674,6554,12431
2023-12-11T20:01:03.448Z,"NoNose,NoBody2",8,454,11248,1333,11681,6566,12470
2023-12-11T20:01:03.544Z,"NoNose,NoBody2",8,422,11191,1309,11628,6495,12387
2023-12-11T20:01:03.644Z,"NoNose,NoBody2",8,435,11278,1322,11715,6536,12459
2023-12-11T20:01:03.756Z,"NoNose,NoBody2",8,464,11238,1327,11628,6536,12466
2023-12-11T20:01:03.850Z,"NoNose,NoBody2",8,426,11194,1303,11625,6491,12386
2023-12-11T20:01:03.942Z,"NoNose,NoBody2",8,424,11172,1291,11608,6532,12474
2023-12-11T20:01:04.137Z,"NoNose,NoBody2",8,434,11514,1314,11687,6499,12426
2023-12-11T20:01:04.141Z,"NoNose,NoBody2",8,427,11185,1307,11619,6497,12446
2023-12-11T20:01:04.254Z,"NoNose,NoBody2",8,464,11211,1342,11654,6491,12437
2023-12-11T20:01:04.337Z,"NoNose,NoBody2",8,466,11223,1310,11671,6476,12413
2023-12-11T20:01:04.443Z,"NoNose,NoBody2",8,462,11241,1325,11675,6478,12413
2023-12-11T20:01:04.546Z,"NoNose,NoBody2",8,436,11189,1289,11623,6477,12421
2023-12-11T20:01:04.663Z,"NoNose,NoBody2",8,470,11214,1303,11649,6436,12379
2023-12-11T20:01:04.759Z,"NoNose,NoBody2",8,455,11262,1309,11661,6476,12447
2023-12-11T20:01:04.850Z,"NoNose,NoBody2",8,446,11232,1341,11672,6473,12421
2023-12-11T20:01:04.947Z,"NoNose,NoBody2",8,456,11248,1322,11686,6465,12439
2023-12-11T20:01:05.174Z,"NoNose,NoBody2",8,452,11263,1327,11708,6485,12457
2023-12-11T20:01:05.176Z,"NoNose,NoBody2",8,440,11213,1291,11644,6439,12391
2023-12-11T20:01:05.256Z,"NoNose,NoBody2",8,452,11223,1312,11651,6454,12395
2023-12-11T20:01:05.347Z,"NoNose,NoBody2",8,467,11219,1313,11694,6453,12443
2023-12-11T20:01:05.454Z,"NoNose,NoBody2",8,464,11248,1320,11635,6454,12448
2023-12-11T20:01:05.545Z,"NoNose,NoBody2",8,498,11197,1319,11617,6423,12380
2023-12-11T20:01:05.641Z,"NoNose,NoBody2",8,468,11274,1344,11714,6451,12454
2023-12-11T20:01:05.747Z,"NoNose,NoBody2",8,447,11212,1309,11645,6441,12445
2023-12-11T20:01:05.864Z,"NoNose,NoBody2",8,442,11192,1321,11638,6411,12386
2023-12-11T20:01:05.948Z,"NoNose,NoBody2",8,439,11232,1315,11671,6430,12425
2023-12-11T20:01:06.145Z,"NoNose,NoBody2",8,455,11209,1332,11649,6419,12402
2023-12-11T20:01:06.147Z,"NoNose,NoBody2",8,433,11217,1326,11658,6446,12469
2023-12-11T20:01:06.250Z,"NoNose,NoBody2",8,429,11154,1316,11606,6413,12419
2023-12-11T20:01:06.344Z,"NoNose,NoBody2",8,495,11270,1329,11690,6411,12423
2023-12-11T20:01:06.462Z,"NoNose,NoBody2",8,459,11231,1315,11672,6460,12484
2023-12-11T20:01:06.546Z,"NoNose,NoBody2",8,386,11151,1310,11655,6428,12449
2023-12-11T20:01:06.636Z,"NoNose,NoBody2",8,444,11271,1325,11719,6400,12404
2023-12-11T20:01:06.755Z,"NoNose,NoBody2",8,455,11258,1301,11621,6398,12393
2023-12-11T20:01:07.070Z,"NoNose,NoBody2",8,441,11215,1310,11665,6424,12408
2023-12-11T20:01:07.072Z,"NoNose,NoBody2",8,454,11226,1327,11668,6417,12411
2023-12-11T20:01:07.074Z,"NoNose,NoBody2",8,458,11202,1317,11636,6432,12454
2023-12-11T20:01:07.288Z,"NoNose,NoBody2",8,499,11491,1334,11688,6418,12424
2023-12-11T20:01:07.290Z,"NoNose,NoBody2",8,462,11288,1326,11733,6430,12409
2023-12-11T20:01:07.346Z,"NoNose,NoBody2",8,440,11196,1308,11640,6421,12398
2023-12-11T20:01:07.444Z,"NoNose,NoBody2",8,474,11210,1320,11652,6406,12399
2023-12-11T20:01:07.543Z,"NoNose,NoBody2",8,466,11284,1315,11721,6433,12461
2023-12-11T20:01:07.649Z,"NoNose,NoBody2",8,442,11226,1310,11684,6430,12437
2023-12-11T20:01:07.746Z,"NoNose,NoBody2",8,387,10748,1295,11648,6423,12447
2023-12-11T20:01:07.848Z,"NoNose,NoBody2",8,410,11254,1325,11705,6399,12390
2023-12-11T20:01:07.945Z,"NoNose,NoBody2",8,484,11210,1292,11638,6457,12478
2023-12-11T20:01:08.169Z,"NoNose,NoBody2",8,470,11248,1316,11687,6405,12413
2023-12-11T20:01:08.171Z,"NoNose,NoBody2",8,418,11187,1297,11630,6388,12393
2023-12-11T20:01:08.236Z,"NoNose,NoBody2",8,455,11193,1327,11629,6450,12483
2023-12-11T20:01:08.357Z,"NoNose,NoBody2",8,462,11263,1326,11695,6433,12468
2023-12-11T20:01:08.441Z,"NoNose,NoBody2",8,453,11264,1320,11702,6425,12443
2023-12-11T20:01:08.548Z,"NoNose,NoBody2",8,347,10987,1319,8171,6410,12443
2023-12-11T20:01:08.641Z,"NoNose,NoBody2",8,428,11169,1299,6663,6438,12471
2023-12-11T20:01:08.744Z,"NoNose,NoBody2",8,353,11480,1296,6638,6417,12440
2023-12-11T20:01:08.844Z,"NoNose,NoBody2",8,438,11191,1302,6601,6393,12397
2023-12-11T20:01:08.950Z,"NoNose,NoBody2",8,133,11151,1329,6658,6419,12462
2023-12-11T20:01:09.182Z,"NoNose,NoBody2",8,569,11271,1317,6652,6397,12401
2023-12-11T20:01:09.183Z,"NoNose,NoBody2",8,469,11186,1316,6597,6377,12413
2023-12-11T20:01:09.235Z,"NoNose,NoBody2",8,474,11274,1298,6647,6413,12441
2023-12-11T20:01:09.346Z,"NoNose,NoBody2",8,430,11179,1298,6597,6415,12433
2023-12-11T20:01:09.441Z,"NoNose,NoBody2",8,487,11237,1320,6623,6389,12410
2023-12-11T20:01:09.533Z,"NoNose,NoBody2",8,307,11306,1320,6628,6377,12386
2023-12-11T20:01:09.645Z,"NoNose,NoBody2",8,440,11219,1319,6610,6406,12408
2023-12-11T20:01:09.746Z,"NoNose,NoBody2",8,441,11228,1315,6625,6411,12432
2023-12-11T20:01:09.863Z,"NoNose,NoBody2",8,419,11167,1289,6583,7266,12478
2023-12-11T20:01:09.961Z,"NoNose,NoBody2",8,457,11201,1337,6605,7154,12394
2023-12-11T20:01:10.166Z,"NoNose,NoBody2",8,469,11248,1303,6631,1391,10099
2023-12-11T20:01:10.168Z,"NoNose,NoBody2",8,429,11249,1356,6656,1370,2392
2023-12-11T20:01:10.242Z,"NoNose,NoBody2",8,437,11246,1312,6626,1367,2392
2023-12-11T20:01:10.345Z,"NoNose,NoBody2",8,441,11227,1306,6607,1392,2395
2023-12-11T20:01:10.443Z,"NoNose,NoBody2",8,452,11191,1329,6629,1398,2404
2023-12-11T20:01:10.556Z,"NoNose,NoBody2",8,426,11261,1301,6615,1402,2402
2023-12-11T20:01:10.642Z,"NoNose,NoBody2",8,427,11278,1312,6644,1405,2402
2023-12-11T20:01:10.739Z,"NoNose,NoBody2",8,430,11264,1311,6635,1404,2410
2023-12-11T20:01:10.861Z,"NoNose,NoBody2",8,224,10718,1316,6586,1387,2408
2023-12-11T20:01:10.944Z,"NoNose,NoBody2",8,462,11281,1323,6646,1403,2405
2023-12-11T20:01:11.162Z,"NoNose,NoBody2",8,429,11223,1294,6601,1404,2402
2023-12-11T20:01:11.164Z,"NoNose,NoBody2",8,471,11305,1317,6595,1407,2408
2023-12-11T20:01:11.246Z,"NoNose,NoBody2",8,431,11233,1295,6612,1383,2396
2023-12-11T20:01:11.343Z,"NoNose,NoBody2",8,433,11184,1307,6591,1393,2401
2023-12-11T20:01:11.460Z,"NoNose,NoBody2",8,480,11234,1301,6615,1381,2393
2023-12-11T20:01:11.560Z,"NoNose,NoBody2",8,466,11269,1343,6642,1397,2411
2023-12-11T20:01:11.654Z,"NoNose,NoBody2",8,433,11226,1337,6624,1384,2399
2023-12-11T20:01:11.741Z,"NoNose,NoBody2",8,424,11199,1298,6608,1386,2398
2023-12-11T20:01:11.841Z,"NoNose,NoBody2",8,443,11251,1313,6618,1390,2407
2023-12-11T20:01:11.940Z,"NoNose,NoBody2",8,494,11184,1338,6581,1401,2412
2023-12-11T20:01:12.127Z,"NoNose,NoBody2",8,453,11213,1310,6594,1402,2409
2023-12-11T20:01:12.156Z,"NoNose,NoBody2",8,455,11347,1308,6630,1391,2405
2023-12-11T20:01:12.243Z,"NoNose,NoBody2",8,353,11349,1321,6604,1394,2419
2023-12-11T20:01:12.352Z,"NoNose,NoBody2",8,483,11261,1315,6577,1400,2414
2023-12-11T20:01:12.449Z,"NoNose,NoBody2",8,529,11126,1342,6611,1389,2417
2023-12-11T20:01:12.557Z,"NoNose,NoBody2",8,434,11169,1309,6575,1385,2415
2023-12-11T20:01:12.646Z,"NoNose,NoBody2",8,460,11260,1321,6620,1378,2393
2023-12-11T20:01:12.740Z,"NoNose,NoBody2",8,438,11243,1311,6617,1388,2409
2023-12-11T20:01:12.844Z,"NoNose,NoBody2",8,457,11247,1312,6618,1402,2422
2023-12-11T20:01:12.941Z,"NoNose,NoBody2",8,445,11207,1312,6588,1393,2407
2023-12-11T20:01:13.139Z,"NoNose,NoBody2",8,452,11182,1297,6573,1377,2409
2023-12-11T20:01:13.168Z,"NoNose,NoBody2",8,413,11172,1305,6571,1384,2423
2023-12-11T20:01:13.244Z,"NoNose,NoBody2",8,328,11225,1315,6614,1389,2426
2023-12-11T20:01:13.338Z,"NoNose,NoBody2",8,450,11198,1302,6586,1383,2435
2023-12-11T20:01:13.448Z,"NoNose,NoBody2",8,383,11299,1299,6616,1372,2429
2023-12-11T20:01:13.545Z,"NoNose,NoBody2",8,419,11165,1309,6569,1377,2433
2023-12-11T20:01:13.636Z,"NoNose,NoBody2",8,455,11229,1315,6602,1393,2433
2023-12-11T20:01:13.745Z,"NoNose,NoBody2",8,490,11288,1331,6633,1391,2439
2023-12-11T20:01:13.842Z,"NoNose,NoBody2",8,451,11180,1316,6579,1379,2418
2023-12-11T20:01:13.947Z,"NoNose,NoBody2",8,437,11249,1300,6583,1390,2431
2023-12-11T20:01:14.146Z,"NoNose,NoBody2",8,472,11264,1301,6620,1385,2437
2023-12-11T20:01:14.149Z,"NoNose,NoBody2",8,457,11245,1325,6585,1398,2434
2023-12-11T20:01:14.253Z,"NoNose,NoBody2",8,420,11198,1313,6587,1368,2423
2023-12-11T20:01:14.341Z,"NoNose,NoBody2",8,98,10750,1325,6577,1380,2423
2023-12-11T20:01:14.459Z,"NoNose,NoBody2",8,474,11235,1317,6600,1395,2437
2023-12-11T20:01:14.557Z,"NoNose,NoBody2",8,506,11307,1310,6596,1371,2432
2023-12-11T20:01:14.665Z,"NoNose,NoBody2",8,431,11259,1332,6620,1371,2426
2023-12-11T20:01:14.749Z,"NoNose,NoBody2",8,484,11261,1323,6617,1372,2431
2023-12-11T20:01:14.844Z,"NoNose,NoBody2",8,435,11174,1316,6579,1388,2435
2023-12-11T20:01:14.941Z,"NoNose,NoBody2",8,479,11431,1303,6573,1374,2442
2023-12-11T20:01:15.140Z,"NoNose,NoBody2",8,411,11217,1319,6606,1366,2429
2023-12-11T20:01:15.144Z,"NoNose,NoBody2",8,420,11171,1298,6570,1397,2446
2023-12-11T20:01:15.235Z,"NoNose,NoBody2",8,442,11227,1317,6600,1373,2424
2023-12-11T20:01:15.349Z,"NoNose,NoBody2",8,430,11201,1313,6584,5722,11945
2023-12-11T20:01:15.441Z,"NoNose,NoBody2",8,474,11244,1326,6604,9048,12447
2023-12-11T20:01:15.554Z,"NoNose,NoBody2",8,459,11244,1317,6610,8897,12396
2023-12-11T20:01:15.649Z,"NoNose,NoBody2",8,447,11247,1339,6615,8854,12376
2023-12-11T20:01:15.749Z,"NoNose,NoBody2",8,450,11197,1309,6582,8844,12447
2023-12-11T20:01:15.846Z,"NoNose,NoBody2",8,432,11245,1296,11673,7239,12439
2023-12-11T20:01:15.945Z,"NoNose,NoBody2",8,456,11265,1297,11700,7235,12462
2023-12-11T20:01:16.150Z,"NoNose,NoBody2",8,462,11427,1310,11676,7192,12407
2023-12-11T20:01:16.162Z,"NoNose,NoBody2",8,328,11325,1310,11689,7152,12390
2023-12-11T20:01:16.248Z,"NoNose,NoBody2",8,451,11226,1325,11671,7145,12376
2023-12-11T20:01:16.346Z,"NoNose,NoBody2",8,377,11162,1311,11651,7120,12386
2023-12-11T20:01:16.439Z,"NoNose,NoBody2",8,526,11202,1321,11648,7128,12409
2023-12-11T20:01:16.556Z,"NoNose,NoBody2",8,457,11247,1317,11681,7125,12420
2023-12-11T20:01:16.638Z,"NoNose,NoBody2",8,489,11261,1341,11697,7122,12433
2023-12-11T20:01:16.747Z,"NoNose,NoBody2",8,471,11270,1318,11698,7127,12437
2023-12-11T20:01:17.022Z,"NoNose,NoBody2",8,461,11261,1330,11693,7125,12445
2023-12-11T20:01:17.024Z,"NoNose,NoBody2",8,461,11277,1340,11720,7104,12411
2023-12-11T20:01:17.210Z,"NoNose,NoBody2",8,444,11180,1327,11613,7136,12481
2023-12-11T20:01:17.211Z,"NoNose,NoBody2",8,443,11210,1330,11649,7119,12472
2023-12-11T20:01:17.249Z,"NoNose,NoBody2",8,426,11223,1314,11658,7083,12423
2023-12-11T20:01:17.345Z,"NoNose,NoBody2",8,498,11291,1324,11651,7081,12439
2023-12-11T20:01:17.458Z,"NoNose,NoBody2",8,461,11199,1329,11639,7024,12370
2023-12-11T20:01:17.544Z,"NoNose,NoBody2",8,462,11227,1320,11662,7093,12464
2023-12-11T20:01:17.641Z,"NoNose,NoBody2",8,453,11209,1324,11683,7073,12432
2023-12-11T20:01:17.740Z,"NoNose,NoBody2",8,500,11254,1341,11687,7074,12466
2023-12-11T20:01:17.842Z,"NoNose,NoBody2",8,450,11220,1314,11662,7077,12495
2023-12-11T20:01:17.940Z,"NoNose,NoBody2",8,464,11243,1311,11676,7064,12489
2023-12-11T20:01:18.138Z,"NoNose,NoBody2",8,420,11174,1330,11683,7019,12376
2023-12-11T20:01:18.143Z,"NoNose,NoBody2",8,447,11196,1290,11636,7001,12383
2023-12-11T20:01:18.251Z,"NoNose,NoBody2",8,280,10950,1321,11602,7029,12414
2023-12-11T20:01:18.335Z,"NoNose,NoBody2",8,453,11256,1318,11693,7042,12432
2023-12-11T20:01:18.443Z,"NoNose,NoBody2",8,459,11231,1328,11672,7063,12480
2023-12-11T20:01:18.551Z,"NoNose,NoBody2",8,467,11191,1318,11623,7057,12475
2023-12-11T20:01:18.656Z,"NoNose,NoBody2",8,462,11226,1326,11671,7046,12488
2023-12-11T20:01:18.754Z,"NoNose,NoBody2",8,480,11285,1323,11715,7018,12455
2023-12-11T20:01:18.850Z,"NoNose,NoBody2",8,446,11188,1334,11618,7016,12420
2023-12-11T20:01:18.957Z,"NoNose,NoBody2",8,385,11208,1307,11657,7012,12425
2023-12-11T20:01:19.202Z,"NoNose,NoBody2",8,437,11197,1290,11630,6984,12400
2023-12-11T20:01:19.204Z,"NoNose,NoBody2",8,435,11233,1305,11683,7010,12450
2023-12-11T20:01:19.243Z,"NoNose,NoBody2",8,422,11223,1299,11664,7003,12412
2023-12-11T20:01:19.362Z,"NoNose,NoBody2",8,473,11240,1323,11665,7016,12423
2023-12-11T20:01:19.443Z,"NoNose,NoBody2",8,439,11216,1328,11651,6991,12423
2023-12-11T20:01:19.548Z,"NoNose,NoBody2",8,445,11244,1314,11683,6997,12433
2023-12-11T20:01:19.642Z,"NoNose,NoBody2",8,432,11247,1305,11695,6985,12436
2023-12-11T20:01:19.742Z,"NoNose,NoBody2",8,326,11025,1299,11654,6975,12405
2023-12-11T20:01:19.856Z,"NoNose,NoBody2",8,455,11144,1320,11672,6962,12381
2023-12-11T20:01:19.947Z,"NoNose,NoBody2",8,375,11550,1316,11681,7005,12457
2023-12-11T20:01:20.207Z,"NoNose,NoBody2",8,450,11326,1303,11750,6996,12459
2023-12-11T20:01:20.209Z,"NoNose,NoBody2",8,461,11231,1320,11688,7007,12456
2023-12-11T20:01:20.236Z,"NoNose,NoBody2",8,410,11171,1288,11638,7012,12472
2023-12-11T20:01:20.344Z,"NoNose,NoBody2",8,411,11193,1281,11679,7023,12466
2023-12-11T20:01:20.443Z,"NoNose,NoBody2",8,447,11184,1319,11651,6989,12419
2023-12-11T20:01:20.547Z,"NoNose,NoBody2",8,439,11196,1302,11664,6948,12373
2023-12-11T20:01:20.641Z,"NoNose,NoBody2",8,456,11209,1325,11753,6976,12400
2023-12-11T20:01:20.750Z,"NoNose,NoBody2",8,473,11538,1304,11690,6957,12399
2023-12-11T20:01:20.843Z,"NoNose,NoBody2",8,449,11229,1335,11702,6964,12417
2023-12-11T20:01:20.943Z,"NoNose,NoBody2",8,467,11255,1307,11722,6974,12406
2023-12-11T20:01:21.183Z,"NoNose,NoBody2",8,440,11253,1326,11730,6995,12433
2023-12-11T20:01:21.185Z,"NoNose,NoBody2",8,454,11199,1309,11679,6971,12399
2023-12-11T20:01:21.249Z,"NoNose,NoBody2",8,359,11244,1324,11718,6966,12413
2023-12-11T20:01:21.345Z,"NoNose,NoBody2",8,463,11182,1304,11693,7018,12476
2023-12-11T20:01:21.443Z,"NoNose,NoBody2",8,455,11245,1299,11709,6954,12379
2023-12-11T20:01:21.538Z,"NoNose,NoBody2",8,499,11303,1311,11770,6990,12463
2023-12-11T20:01:21.635Z,"NoNose,NoBody2",8,482,11269,1314,11737,6971,12430
2023-12-11T20:01:21.747Z,"NoNose,NoBody2",8,433,11180,1299,11649,6981,12431
2023-12-11T20:01:21.844Z,"NoNose,NoBody2",8,429,11176,1299,11656,6968,12435
2023-12-11T20:01:21.943Z,"NoNose,NoBody2",8,454,11221,1305,11683,6951,12412
2023-12-11T20:01:22.153Z,"NoNose,NoBody2",8,466,11283,1303,11755,6978,12462
2023-12-11T20:01:22.154Z,"NoNose,NoBody2",8,445,11256,1324,11726,6938,12393
2023-12-11T20:01:22.247Z,"NoNose,NoBody2",8,475,11229,1299,11697,6927,12387
2023-12-11T20:01:22.343Z,"NoNose,NoBody2",8,457,11228,1303,11695,6945,12407
2023-12-11T20:01:22.460Z,"NoNose,NoBody2",8,463,11226,1313,11695,6971,12462
2023-12-11T20:01:22.558Z,"NoNose,NoBody2",8,449,11230,1305,11699,6926,12419
2023-12-11T20:01:22.650Z,"NoNose,NoBody2",8,538,11265,1319,11744,6952,12442
2023-12-11T20:01:22.742Z,"NoNose,NoBody2",8,371,11266,1319,11708,7218,12429
2023-12-11T20:01:22.842Z,"NoNose,NoBody2",8,488,11279,1337,11752,7457,12398
2023-12-11T20:01:22.962Z,"NoNose,NoBody2",8,446,11151,1319,11656,7481,12489
2023-12-11T20:01:23.197Z,"NoNose,NoBody2",8,543,11274,1311,11728,1381,2398
2023-12-11T20:01:23.199Z,"NoNose,NoBody2",8,446,11212,1318,11683,1400,2393
2023-12-11T20:01:23.249Z,"NoNose,NoBody2",8,459,11191,1329,11672,1391,2387
2023-12-11T20:01:23.352Z,"NoNose,NoBody2",8,464,11216,1310,11688,1389,2403
2023-12-11T20:01:23.436Z,"NoNose,NoBody2",8,434,11198,1277,11728,1397,2392
2023-12-11T20:01:23.556Z,"NoNose,NoBody2",8,461,11279,1320,11750,1384,2390
2023-12-11T20:01:23.655Z,"NoNose,NoBody2",8,457,11227,1309,11744,1387,2391
2023-12-11T20:01:23.743Z,"NoNose,NoBody2",8,449,11271,1295,11742,1404,2405
2023-12-11T20:01:23.851Z,"NoNose,NoBody2",8,431,11242,1335,11717,1398,2402
2023-12-11T20:01:23.953Z,"NoNose,NoBody2",8,422,11277,1345,11751,1404,2404
2023-12-11T20:01:24.158Z,"NoNose,NoBody2",8,467,10932,1292,11640,1386,2399
2023-12-11T20:01:24.160Z,"NoNose,NoBody2",8,456,11254,1303,11733,1404,2406
2023-12-11T20:01:24.243Z,"NoNose,NoBody2",8,476,11242,1316,11710,1399,2408
2023-12-11T20:01:24.339Z,"NoNose,NoBody2",8,451,11193,1303,11671,1398,2396
2023-12-11T20:01:24.444Z,"NoNose,NoBody2",8,445,11211,1303,11692,1392,2395
2023-12-11T20:01:24.555Z,"NoNose,NoBody2",8,527,11192,1291,11651,1383,2392
2023-12-11T20:01:24.639Z,"NoNose,NoBody2",8,467,11239,1312,11705,1390,2395
2023-12-11T20:01:24.741Z,"NoNose,NoBody2",8,495,11295,1299,11771,1393,2406
2023-12-11T20:01:24.834Z,"NoNose,NoBody2",8,458,11259,1321,11721,1378,2389
2023-12-11T20:01:24.950Z,"NoNose,NoBody2",8,447,11245,1298,11716,1409,2402
2023-12-11T20:01:25.162Z,"NoNose,NoBody2",8,469,11252,1293,11724,1395,2403
2023-12-11T20:01:25.169Z,"NoNose,NoBody2",8,466,11275,1318,11747,1402,2404
2023-12-11T20:01:25.243Z,"NoNose,NoBody2",8,429,11199,1322,11653,1379,2388
2023-12-11T20:01:25.349Z,"NoNose,NoBody2",8,492,11257,1332,11712,1397,2397
2023-12-11T20:01:25.457Z,"NoNose,NoBody2",8,474,11216,1293,11676,1398,2387
2023-12-11T20:01:25.550Z,"NoNose,NoBody2",8,449,11207,1314,11675,1386,2395
2023-12-11T20:01:25.645Z,"NoNose,NoBody2",8,442,11237,1282,11714,1394,2409
2023-12-11T20:01:25.742Z,"NoNose,NoBody2",8,475,11175,1311,11664,1393,2397
2023-12-11T20:01:25.854Z,"NoNose,NoBody2",8,449,11269,1323,11732,1375,2399
2023-12-11T20:01:25.964Z,"NoNose,NoBody2",8,446,11235,1327,11700,1383,2398
2023-12-11T20:01:26.164Z,"NoNose,NoBody2",8,448,11216,1305,11681,1397,2396
2023-12-11T20:01:26.166Z,"NoNose,NoBody2",8,451,11267,1327,11748,1394,2404
2023-12-11T20:01:26.246Z,"NoNose,NoBody2",8,441,11223,1312,11694,1395,2415
2023-12-11T20:01:26.340Z,"NoNose,NoBody2",8,263,10769,1320,11679,1365,2403
2023-12-11T20:01:26.452Z,"NoNose,NoBody2",8,433,11171,1304,11648,1381,2394
2023-12-11T20:01:26.548Z,"NoNose,NoBody2",8,465,11265,1295,11729,1386,2409
2023-12-11T20:01:26.644Z,"NoNose,NoBody2",8,517,11240,1311,11682,1370,2388
2023-12-11T20:01:26.749Z,"NoNose,NoBody2",8,425,11170,1301,11642,1382,2395
2023-12-11T20:01:27.081Z,"NoNose,NoBody2",8,460,11266,1322,11738,1391,2408
2023-12-11T20:01:27.083Z,"NoNose,NoBody2",8,515,11237,1343,11706,1385,2399
2023-12-11T20:01:27.084Z,"NoNose,NoBody2",8,446,11285,1310,11747,1373,2396
2023-12-11T20:01:27.302Z,"NoNose,NoBody2",8,431,11198,1300,11672,1382,2395
2023-12-11T20:01:27.304Z,"NoNose,NoBody2",8,462,11204,1320,11671,1370,2392
2023-12-11T20:01:27.351Z,"NoNose,NoBody2",8,322,11411,1298,11676,1402,2410
2023-12-11T20:01:27.454Z,"NoNose,NoBody2",8,504,11226,1296,11679,1384,2398
2023-12-11T20:01:27.558Z,"NoNose,NoBody2",8,431,11237,1307,11714,1367,2390
2023-12-11T20:01:27.656Z,"NoNose,NoBody2",8,442,11246,1315,11723,1386,2406
2023-12-11T20:01:27.744Z,"NoNose,NoBody2",8,442,11242,1300,11711,1369,2397
2023-12-11T20:01:27.846Z,"NoNose,NoBody2",8,449,11186,1306,11663,1378,2391
2023-12-11T20:01:27.940Z,"NoNose,NoBody2",8,421,11163,1301,11633,1377,2407
2023-12-11T20:01:28.140Z,"NoNose,NoBody2",8,474,11236,1316,11673,1396,2403
2023-12-11T20:01:28.144Z,"NoNose,NoBody2",8,445,11223,1311,11644,1373,2398
2023-12-11T20:01:28.243Z,"NoNose,NoBody2",8,460,11189,1319,11652,1385,2412
2023-12-11T20:01:28.343Z,"NoNose,NoBody2",8,406,11168,1333,11751,1376,2403
2023-12-11T20:01:28.447Z,"NoNose,NoBody2",8,457,11211,1324,11697,1372,12506
2023-12-11T20:01:28.542Z,"NoNose,NoBody2",8,453,11239,1315,11720,1380,12487
2023-12-11T20:01:28.655Z,"NoNose,NoBody2",8,422,11182,1305,11665,1390,12562
2023-12-11T20:01:28.747Z,"NoNose,NoBody2",8,395,11180,1316,11659,1383,12495
2023-12-11T20:01:28.848Z,"NoNose,NoBody2",8,459,11397,1310,11670,1394,12578
2023-12-11T20:01:28.955Z,"NoNose,NoBody2",8,448,11222,1281,11691,1386,12538
2023-12-11T20:01:29.184Z,"NoNose,NoBody2",8,461,11263,1305,11676,1376,12514
2023-12-11T20:01:29.186Z,"NoNose,NoBody2",8,474,11191,1336,11656,1369,12525
2023-12-11T20:01:29.251Z,"NoNose,NoBody2",8,470,11271,1345,11754,1394,12564
2023-12-11T20:01:29.349Z,"NoNose,NoBody2",8,428,11196,1292,11663,1385,12557
2023-12-11T20:01:29.449Z,"NoNose,NoBody2",8,443,11175,1306,11646,1379,12572
2023-12-11T20:01:29.550Z,"NoNose,NoBody2",8,466,11269,1309,11736,1369,12555
2023-12-11T20:01:29.648Z,"NoNose,NoBody2",8,466,11239,1326,11705,1385,12588
2023-12-11T20:01:29.745Z,"NoNose,NoBody2",8,430,11178,1311,11657,1369,12485
2023-12-11T20:01:29.854Z,"NoNose,NoBody2",8,435,11172,1327,11656,1364,12479
2023-12-11T20:01:29.961Z,"NoNose,NoBody2",8,429,11246,1302,11713,1384,12576
2023-12-11T20:01:30.187Z,"NoNose,NoBody2",8,425,11187,1290,11665,1381,12498
2023-12-11T20:01:30.189Z,"NoNose,NoBody2",8,441,11235,1329,11670,1377,12479
2023-12-11T20:01:30.243Z,"NoNose,NoBody2",8,452,11261,1320,11734,1382,12504
2023-12-11T20:01:30.345Z,"NoNose,NoBody2",8,403,11243,1287,11702,1377,12591
2023-12-11T20:01:30.447Z,"NoNose,NoBody2",8,477,11242,1323,11700,1371,12512
2023-12-11T20:01:30.549Z,"NoNose,NoBody2",8,504,11246,1319,11693,1384,12494
2023-12-11T20:01:30.660Z,"NoNose,NoBody2",8,453,11205,1299,11665,1374,12495
2023-12-11T20:01:30.745Z,"NoNose,NoBody2",8,453,11235,1293,11711,1377,12490
2023-12-11T20:01:30.862Z,"NoNose,NoBody2",8,456,11194,1317,11660,1369,12507
2023-12-11T20:01:30.940Z,"NoNose,NoBody2",8,478,11235,1321,11700,1383,12580
2023-12-11T20:01:31.136Z,"NoNose,NoBody2",8,325,11093,1321,11686,1369,12511
2023-12-11T20:01:31.140Z,"NoNose,NoBody2",8,453,11210,1303,11683,1381,12512
2023-12-11T20:01:31.246Z,"NoNose,NoBody2",8,483,11287,1324,11749,1380,12517
2023-12-11T20:01:31.356Z,"NoNose,NoBody2",8,405,11161,1275,11629,1364,12497
2023-12-11T20:01:31.447Z,"NoNose,NoBody2",8,477,11284,1321,11749,1385,12556
2023-12-11T20:01:31.548Z,"NoNose,NoBody2",8,454,11214,1321,11692,1380,12512
2023-12-11T20:01:31.651Z,"NoNose,NoBody2",8,464,11224,1313,11703,1384,12579
2023-12-11T20:01:31.738Z,"NoNose,NoBody2",8,467,11237,1331,11710,1354,12508
2023-12-11T20:01:31.837Z,"NoNose,NoBody2",8,428,11169,1297,11647,1382,12533
2023-12-11T20:01:31.949Z,"NoNose,NoBody2",8,431,11212,1299,11685,1376,12513
2023-12-11T20:01:32.215Z,"NoNose,NoBody2",8,456,11267,1304,11674,1361,12546
2023-12-11T20:01:32.225Z,"NoNose,NoBody2",8,450,11207,1310,11683,1373,12496
2023-12-11T20:01:32.255Z,"NoNose,NoBody2",8,465,11234,1309,11699,1369,12576
2023-12-11T20:01:32.345Z,"NoNose,NoBody2",8,443,11233,1312,11717,1371,12540
2023-12-11T20:01:32.450Z,"NoNose,NoBody2",8,442,11203,1319,11656,1377,12578
2023-12-11T20:01:32.554Z,"NoNose,NoBody2",8,265,10805,1311,11684,1361,12515
2023-12-11T20:01:32.657Z,"NoNose,NoBody2",8,459,11148,1328,11660,1368,12485
2023-12-11T20:01:32.745Z,"NoNose,NoBody2",8,454,11280,1322,11751,1383,12499
2023-12-11T20:01:32.852Z,"NoNose,NoBody2",8,427,11311,1297,11735,1384,12567
2023-12-11T20:01:32.951Z,"NoNose,NoBody2",8,457,11228,1314,11702,1382,12585
2023-12-11T20:01:33.152Z,"NoNose,NoBody2",8,459,11245,1309,11706,1379,12530
2023-12-11T20:01:33.154Z,"NoNose,NoBody2",8,428,11186,1299,11657,1383,12577
2023-12-11T20:01:33.243Z,"NoNose,NoBody2",8,432,11289,1322,11726,1379,12511
2023-12-11T20:01:33.361Z,"NoNose,NoBody2",8,454,11187,1301,11659,1363,12537
2023-12-11T20:01:33.454Z,"NoNose,NoBody2",8,438,11213,1298,11681,1372,12515
2023-12-11T20:01:33.557Z,"NoNose,NoBody2",8,468,11236,1320,11708,1374,12533
2023-12-11T20:01:33.658Z,"NoNose,NoBody2",8,453,11250,1320,11724,1376,12499
2023-12-11T20:01:33.742Z,"NoNose,NoBody2",8,420,10900,1285,11651,1377,12507
2023-12-11T20:01:33.848Z,"NoNose,NoBody2",8,483,11221,1319,11694,1365,12482
2023-12-11T20:01:33.952Z,"NoNose,NoBody2",8,308,11316,1318,11675,1385,12546
2023-12-11T20:01:34.155Z,"NoNose,NoBody2",8,527,11270,1331,11737,1369,12524
2023-12-11T20:01:34.160Z,"NoNose,NoBody2",8,455,11203,1302,11682,1371,12479
2023-12-11T20:01:34.239Z,"NoNose,NoBody2",8,441,11213,1305,11690,1368,12505
2023-12-11T20:01:34.362Z,"NoNose,NoBody2",8,478,11257,1344,11721,1379,2440
2023-12-11T20:01:34.447Z,"NoNose,NoBody2",8,459,11230,1305,11700,1369,2444
2023-12-11T20:01:34.544Z,"NoNose,NoBody2",8,464,11200,1318,11679,1371,2437
2023-12-11T20:01:34.655Z,"NoNose,NoBody2",8,449,11250,1323,11729,1371,2445
2023-12-11T20:01:34.738Z,"NoNose,NoBody2",8,445,11197,1314,11663,1373,2435
2023-12-11T20:01:34.850Z,"NoNose,NoBody2",8,465,11218,1315,11684,1357,2429
2023-12-11T20:01:34.983Z,"NoNose,NoBody2",8,431,11206,1297,11673,1369,2426
2023-12-11T20:01:35.203Z,"NoNose,NoBody2",8,463,11259,1300,11725,1383,2436
2023-12-11T20:01:35.204Z,"NoNose,NoBody2",8,429,11242,1281,11713,1364,2431
2023-12-11T20:01:35.240Z,"NoNose,NoBody2",8,473,11240,1302,11702,1382,2446
2023-12-11T20:01:35.337Z,"NoNose,NoBody2",8,462,11220,1302,11678,1371,2437
2023-12-11T20:01:35.449Z,"NoNose,NoBody2",8,469,11264,1316,11729,1391,2444
2023-12-11T20:01:35.559Z,"NoNose,NoBody2",8,492,11257,1300,11720,1370,2433
2023-12-11T20:01:35.649Z,"NoNose,NoBody2",8,141,10805,1317,11695,1383,2439
2023-12-11T20:01:35.749Z,"NoNose,NoBody2",8,446,11238,1340,11720,1391,2441
2023-12-11T20:01:35.849Z,"NoNose,NoBody2",8,451,11201,1311,11676,1377,2433
2023-12-11T20:01:35.956Z,"NoNose,NoBody2",8,425,11237,1311,11709,1385,2446
2023-12-11T20:01:36.150Z,"NoNose,NoBody2",8,451,11246,1285,11710,1386,2433
2023-12-11T20:01:36.152Z,"NoNose,NoBody2",8,464,11237,1313,11735,1385,2441
2023-12-11T20:01:36.246Z,"NoNose,NoBody2",8,437,11253,1287,11724,1362,2423
2023-12-11T20:01:36.352Z,"NoNose,NoBody2",8,476,11211,1293,11676,1380,2432
2023-12-11T20:01:36.447Z,"NoNose,NoBody2",8,311,10832,1296,11702,1370,2429
2023-12-11T20:01:36.539Z,"NoNose,NoBody2",8,409,11250,1299,11714,1369,2435
2023-12-11T20:01:36.655Z,"NoNose,NoBody2",8,435,11225,1300,11631,1363,2430
2023-12-11T20:01:36.747Z,"NoNose,NoBody2",8,449,11218,1301,11699,1382,2448
2023-12-11T20:01:37.053Z,"NoNose,NoBody2",8,330,10921,1306,11642,1367,2446
2023-12-11T20:01:37.055Z,"NoNose,NoBody2",8,411,11304,1324,11733,1373,2431
2023-12-11T20:01:37.059Z,"NoNose,NoBody2",8,386,11191,1292,11657,1387,2441
2023-12-11T20:01:37.290Z,"NoNose,NoBody2",8,508,11258,1309,11726,1367,2433
2023-12-11T20:01:37.292Z,"NoNose,NoBody2",8,312,11101,1305,11718,1382,2443
2023-12-11T20:01:37.353Z,"NoNose,NoBody2",8,477,11258,1329,11735,1370,2435
2023-12-11T20:01:37.446Z,"NoNose,NoBody2",8,270,11323,1294,11707,1369,2427
2023-12-11T20:01:37.557Z,"NoNose,NoBody2",8,483,11200,1295,11667,1349,2415
2023-12-11T20:01:37.646Z,"NoNose,NoBody2",8,461,11223,1290,11691,1358,2421
2023-12-11T20:01:37.740Z,"NoNose,NoBody2",8,475,11232,1315,11708,1353,2424
2023-12-11T20:01:37.842Z,"NoNose,NoBody2",8,450,11241,1294,11711,1357,2420
2023-12-11T20:01:37.960Z,"NoNose,NoBody2",8,330,11159,1332,11712,1373,2431
2023-12-11T20:01:38.163Z,"NoNose,NoBody2",8,371,11207,1292,11677,1371,2433
2023-12-11T20:01:38.165Z,"NoNose,NoBody2",8,420,11400,1304,11672,1381,2424
2023-12-11T20:01:38.240Z,"NoNose,NoBody2",8,425,11172,1310,11641,1363,2438
2023-12-11T20:01:38.341Z,"NoNose,NoBody2",8,462,11259,1317,11721,1381,2438
2023-12-11T20:01:38.449Z,"NoNose,NoBody2",8,422,11176,1312,11639,1366,2410
2023-12-11T20:01:38.540Z,"NoNose,NoBody2",8,457,11292,1329,11751,1369,2433
2023-12-11T20:01:38.647Z,"NoNose,NoBody2",8,414,11292,1278,11691,1376,2434
2023-12-11T20:01:38.736Z,"NoNose,NoBody2",8,447,11202,1287,11677,1373,2420
2023-12-11T20:01:38.842Z,"NoNose,NoBody2",8,435,11235,1310,11718,1337,2434
2023-12-11T20:01:38.959Z,"NoNose,NoBody2",8,452,11253,1302,11715,1368,2429
2023-12-11T20:01:39.168Z,"NoNose,NoBody2",8,418,11266,1302,11711,1365,2434
2023-12-11T20:01:39.169Z,"NoNose,NoBody2",8,440,11173,1307,11637,1335,2434
2023-12-11T20:01:39.245Z,"NoNose,NoBody2",8,428,11229,1284,11711,1345,2423
2023-12-11T20:01:39.344Z,"NoNose,NoBody2",8,438,11193,1274,11663,1371,2420
2023-12-11T20:01:39.456Z,"NoNose,NoBody2",8,459,11232,1301,11699,1351,2429
2023-12-11T20:01:39.537Z,"NoNose,NoBody2",8,448,10766,1309,11656,1363,3246
2023-12-11T20:01:39.648Z,"NoNose,NoBody2",8,451,11245,1317,11711,8098,12408
2023-12-11T20:01:39.746Z,"NoNose,NoBody2",8,472,11182,1310,11657,7901,12411
2023-12-11T20:01:39.844Z,"NoNose,NoBody2",8,445,11187,1294,11641,7735,12410
2023-12-11T20:01:39.944Z,"NoNose,NoBody2",8,442,11229,1324,11701,7686,12415
2023-12-11T20:01:40.142Z,"NoNose,NoBody2",8,396,11249,1318,11719,7643,12437
2023-12-11T20:01:40.146Z,"NoNose,NoBody2",8,483,11202,1325,11678,7675,12442
2023-12-11T20:01:40.245Z,"NoNose,NoBody2",8,440,11263,1301,11733,9011,12445
2023-12-11T20:01:40.339Z,"NoNose,NoBody2",8,437,11223,1321,11692,8901,12393
2023-12-11T20:01:40.441Z,"NoNose,NoBody2",8,421,11183,1290,11654,8922,12441
2023-12-11T20:01:40.548Z,"NoNose,NoBody2",8,353,11238,1257,11706,8901,12464
2023-12-11T20:01:40.662Z,"NoNose,NoBody2",8,400,11245,1327,11683,8876,12442
2023-12-11T20:01:40.742Z,"NoNose,NoBody2",8,426,11247,1326,11732,8873,12455
2023-12-11T20:01:40.838Z,"NoNose,NoBody2",8,354,11243,1300,11736,8850,12445
2023-12-11T20:01:40.938Z,"NoNose,NoBody2",8,458,11234,1294,11711,8813,12424
2023-12-11T20:01:41.137Z,"NoNose,NoBody2",8,444,11181,1316,11645,8851,12469
2023-12-11T20:01:41.141Z,"NoNose,NoBody2",8,450,11203,1320,11761,8823,12453
2023-12-11T20:01:41.237Z,"NoNose,NoBody2",8,480,11238,1305,11703,8778,12394
2023-12-11T20:01:41.342Z,"NoNose,NoBody2",8,448,11261,1293,11729,8816,12443
2023-12-11T20:01:41.463Z,"NoNose,NoBody2",8,455,11276,1308,11745,8823,12448
2023-12-11T20:01:41.556Z,"NoNose,NoBody2",8,437,11195,1315,11667,8759,12385
2023-12-11T20:01:41.639Z,"NoNose,NoBody2",8,522,11286,1336,11750,8814,12460
2023-12-11T20:01:41.752Z,"NoNose,NoBody2",8,458,11258,1318,11734,8805,12444
2023-12-11T20:01:41.844Z,"NoNose,NoBody2",8,443,11243,1289,11720,8797,12443
2023-12-11T20:01:41.953Z,"NoNose,NoBody2",8,430,11265,1308,11741,8817,12464
2023-12-11T20:01:42.155Z,"NoNose,NoBody2",8,448,11187,1305,11660,8773,12460
2023-12-11T20:01:42.157Z,"NoNose,NoBody2",8,452,11262,1337,11710,8781,12453
2023-12-11T20:01:42.241Z,"NoNose,NoBody2",8,461,11233,1307,11697,8789,12406
2023-12-11T20:01:42.345Z,"NoNose,NoBody2",8,450,11263,1309,11734,8792,12449
2023-12-11T20:01:42.438Z,"NoNose,NoBody2",8,449,11254,1292,11727,8770,12442
2023-12-11T20:01:42.556Z,"NoNose,NoBody2",8,437,11206,1332,11776,8740,12409
2023-12-11T20:01:42.643Z,"NoNose,NoBody2",8,439,11255,1323,11729,8781,12461
2023-12-11T20:01:42.739Z,"NoNose,NoBody2",8,430,11227,1305,11706,8721,12373
2023-12-11T20:01:42.853Z,"NoNose,NoBody2",8,423,11187,1292,11670,8674,12391
2023-12-11T20:01:42.941Z,"NoNose,NoBody2",8,435,11275,1316,11747,8760,12451
2023-12-11T20:01:43.149Z,"NoNose,NoBody2",8,462,11306,1302,11774,8720,12462
2023-12-11T20:01:43.159Z,"NoNose,NoBody2",8,467,11220,1290,11689,8706,12387
2023-12-11T20:01:43.244Z,"NoNose,NoBody2",8,404,11244,1289,11662,8746,12439
2023-12-11T20:01:43.345Z,"NoNose,NoBody2",8,469,11259,1294,11727,8733,12430
2023-12-11T20:01:43.448Z,"NoNose,NoBody2",8,437,11163,1306,11646,8723,12411
2023-12-11T20:01:43.545Z,"NoNose,NoBody2",8,474,11234,1300,11674,8710,12395
2023-12-11T20:01:43.645Z,"NoNose,NoBody2",8,505,11321,1317,11780,8746,12408
2023-12-11T20:01:43.743Z,"NoNose,NoBody2",8,427,11278,1315,11750,8698,12399
2023-12-11T20:01:43.841Z,"NoNose,NoBody2",8,467,11111,1316,11739,8712,12443
2023-12-11T20:01:43.947Z,"NoNose,NoBody2",8,441,11262,1329,11650,8758,12476
2023-12-11T20:01:44.200Z,"NoNose,NoBody2",8,445,11229,1321,11703,8707,12422
2023-12-11T20:01:44.202Z,"NoNose,NoBody2",8,439,11165,1295,11646,8676,12376
2023-12-11T20:01:44.244Z,"NoNose,NoBody2",8,461,11225,1315,11693,8673,12395
2023-12-11T20:01:44.343Z,"NoNose,NoBody2",8,413,11428,1308,11735,8715,12432
2023-12-11T20:01:44.452Z,"NoNose,NoBody2",8,423,11233,1288,11704,8705,12436
2023-12-11T20:01:44.538Z,"NoNose,NoBody2",8,419,11181,1341,11661,8666,12369
2023-12-11T20:01:44.645Z,"NoNose,NoBody2",8,293,11225,1317,11716,8705,12437
2023-12-11T20:01:44.744Z,"NoNose,NoBody2",8,440,11237,1333,11696,8698,12418
2023-12-11T20:01:44.840Z,"NoNose,NoBody2",8,457,11207,1313,11671,8727,12474
2023-12-11T20:01:44.949Z,"NoNose,NoBody2",8,441,11251,1291,11715,8660,12388
2023-12-11T20:01:45.171Z,"NoNose,NoBody2",8,446,11263,1322,11737,8707,12457
2023-12-11T20:01:45.172Z,"NoNose,NoBody2",8,456,11222,1321,11695,8670,12397
2023-12-11T20:01:45.250Z,"NoNose,NoBody2",8,451,11260,1347,11739,8699,12447
2023-12-11T20:01:45.341Z,"NoNose,NoBody2",8,418,11231,1309,11713,8696,12428
2023-12-11T20:01:45.455Z,"NoNose,NoBody2",8,437,11219,1323,11694,8535,12403
2023-12-11T20:01:45.539Z,"NoNose,NoBody2",8,429,11174,1285,11644,8307,12375
2023-12-11T20:01:45.652Z,"NoNose,NoBody2",8,458,11202,1334,11665,1369,2372
2023-12-11T20:01:45.748Z,"NoNose,NoBody2",8,446,11198,1282,11674,1379,2400
2023-12-11T20:01:45.844Z,"NoNose,NoBody2",8,412,11209,1277,11686,1358,2395
2023-12-11T20:01:45.952Z,"NoNose,NoBody2",8,465,11231,1304,11693,1380,2398
2023-12-11T20:01:46.159Z,"NoNose,NoBody2",8,459,11243,1286,11704,1381,2404
2023-12-11T20:01:46.161Z,"NoNose,NoBody2",8,421,11236,1336,11713,1370,2402
2023-12-11T20:01:46.244Z,"NoNose,NoBody2",8,438,11207,1293,11674,1366,2397
2023-12-11T20:01:46.347Z,"NoNose,NoBody2",8,459,11231,1306,11712,1378,2412
2023-12-11T20:01:46.445Z,"NoNose,NoBody2",8,447,11219,1293,11687,1363,2405
2023-12-11T20:01:46.541Z,"NoNose,NoBody2",8,395,11188,1287,11652,1386,2413
2023-12-11T20:01:46.645Z,"NoNose,NoBody2",8,459,11227,1319,11702,1358,2399
2023-12-11T20:01:46.753Z,"NoNose,NoBody2",8,435,11231,1308,11708,1389,2401
2023-12-11T20:01:47.034Z,"NoNose,NoBody2",8,462,11216,1319,11691,1369,2395
2023-12-11T20:01:47.036Z,"NoNose,NoBody2",8,450,11168,1317,11645,1379,2401
2023-12-11T20:01:47.040Z,"NoNose,NoBody2",8,481,11192,1310,11706,1368,2399
2023-12-11T20:01:47.228Z,"NoNose,NoBody2",8,443,11262,1296,11732,1379,2413
2023-12-11T20:01:47.252Z,"NoNose,NoBody2",8,480,11293,1336,11754,1387,2403
2023-12-11T20:01:47.379Z,"NoNose,NoBody2",8,472,11158,1275,11638,1366,2409
2023-12-11T20:01:47.466Z,"NoNose,NoBody2",8,518,11199,1327,11668,1379,2402
2023-12-11T20:01:47.551Z,"NoNose,NoBody2",8,435,11246,1305,11727,1317,2395
2023-12-11T20:01:47.665Z,"NoNose,NoBody2",8,434,11192,1334,11665,1347,2385
2023-12-11T20:01:47.753Z,"NoNose,NoBody2",8,396,11205,1284,11671,1364,2394
2023-12-11T20:01:47.848Z,"NoNose,NoBody2",8,458,11267,1304,11696,1374,2404
2023-12-11T20:01:47.940Z,"NoNose,NoBody2",8,456,11228,1289,11655,1370,2406
2023-12-11T20:01:48.252Z,"NoNose,NoBody2",8,447,11196,1308,11673,1365,2398
2023-12-11T20:01:48.254Z,"NoNose,NoBody2",8,440,11170,1299,11635,1366,2409
2023-12-11T20:01:48.256Z,"NoNose,NoBody2",8,444,11267,1313,11740,1373,2409
2023-12-11T20:01:48.352Z,"NoNose,NoBody2",8,440,11253,1317,11734,1339,2418
2023-12-11T20:01:48.439Z,"NoNose,NoBody2",8,365,10899,1314,11719,1384,2405
2023-12-11T20:01:48.548Z,"NoNose,NoBody2",8,437,11200,1312,11672,1326,2402
2023-12-11T20:01:48.649Z,"NoNose,NoBody2",8,493,11279,1308,11758,1367,2415
2023-12-11T20:01:48.747Z,"NoNose,NoBody2",8,516,11216,1310,11645,1374,2402
2023-12-11T20:01:48.848Z,"NoNose,NoBody2",8,439,11209,1310,11673,1357,2400
2023-12-11T20:01:48.942Z,"NoNose,NoBody2",8,454,11223,1295,11692,1373,2413
2023-12-11T20:01:49.149Z,"NoNose,NoBody2",8,462,11239,1314,11718,1377,2413
2023-12-11T20:01:49.150Z,"NoNose,NoBody2",8,440,11210,1300,11681,1354,2395
2023-12-11T20:01:49.245Z,"NoNose,NoBody2",8,250,10882,1305,11694,1365,2406
2023-12-11T20:01:49.344Z,"NoNose,NoBody2",8,449,11247,1321,11706,1369,2395
2023-12-11T20:01:49.445Z,"NoNose,NoBody2",8,462,11253,1292,11719,1356,2395
2023-12-11T20:01:49.547Z,"NoNose,NoBody2",8,445,11207,1290,11676,1371,2394
2023-12-11T20:01:49.652Z,"NoNose,NoBody2",8,467,11256,1318,11725,1377,2400
2023-12-11T20:01:49.744Z,"NoNose,NoBody2",8,455,11181,1303,11654,1369,2403
2023-12-11T20:01:49.837Z,"NoNose,NoBody2",8,366,11395,1287,11681,1368,2412
2023-12-11T20:01:49.942Z,"NoNose,NoBody2",8,461,11248,1307,11718,1362,2431
2023-12-11T20:01:50.172Z,"NoNose,NoBody2",8,431,11171,1282,11649,1357,2399
2023-12-11T20:01:50.174Z,"NoNose,NoBody2",8,452,11191,1343,11655,1351,2389
2023-12-11T20:01:50.238Z,"NoNose,NoBody2",8,453,11238,1297,11720,1357,2406
